abbreviation,location,location_name,population
US,US,US,332875137
AL,01,Alabama,4903185
AK,02,Alaska,731545
AZ,04,Arizona,7278717
AR,05,Arkansas,3017804
CA,06,California,39512223
CO,08,Colorado,5758736
CT,09,Connecticut,3565287
DE,10,Delaware,973764
DC,11,District of Columbia,705749
FL,12,Florida,21477737
GA,13,Georgia,10617423
HI,15,Hawaii,1415872
ID,16,Idaho,1787065
IL,17,Illinois,12671821
IN,18,Indiana,6732219
IA,19,Iowa,3155070
KS,20,Kansas,2913314
KY,21,Kentucky,4467673
LA,22,Louisiana,4648794
ME,23,Maine,1344212
MD,24,Maryland,6045680
MA,25,Massachusetts,6892503
MI,26,Michigan,9986857
MN,27,Minnesota,5639632
MS,28,Mississippi,2976149
MO,29,Missouri,6626371
MT,30,Montana,1068778
NE,31,Nebraska,1934408
NV,32,Nevada,3080156
NH,33,New Hampshire,1359711
NJ,34,New Jersey,8882190
NM,35,New Mexico,2096829
NY,36,New York,19453561
NC,37,North Carolina,10488084
ND,38,North Dakota,762062
OH,39,Ohio,11689100
OK,40,Oklahoma,3956971
OR,41,Oregon,4217737
PA,42,Pennsylvania,12801989
RI,44,Rhode Island,1059361
SC,45,South Carolina,5148714
SD,46,South Dakota,884659
TN,47,Tennessee,6829174
TX,48,Texas,28995881
UT,49,Utah,3205958
VT,50,Vermont,623989
VA,51,Virginia,8535519
WA,53,Washington,7614893
WV,54,West Virginia,1792147
WI,55,Wisconsin,5822434
WY,56,Wyoming,578759
AS,60,American Samoa,55641
GU,66,Guam,164229
MP,69,Northern Mariana Islands,55144
PR,72,Puerto Rico,3754939
UM,74,U.S. Minor Outlying Islands,NA
VI,78,Virgin Islands,107268
NA,01001,Autauga County,55869
NA,01003,Baldwin County,223234
NA,01005,Barbour County,24686
NA,01007,Bibb County,22394
NA,01009,Blount County,57826
NA,01011,Bullock County,10101
NA,01013,Butler County,19448
NA,01015,Calhoun County,113605
NA,01017,Chambers County,33254
NA,01019,Cherokee County,26196
NA,01021,Chilton County,44428
NA,01023,Choctaw County,12589
NA,01025,Clarke County,23622
NA,01027,Clay County,13235
NA,01029,Cleburne County,14910
NA,01031,Coffee County,52342
NA,01033,Colbert County,55241
NA,01035,Conecuh County,12067
NA,01037,Coosa County,10663
NA,01039,Covington County,37049
NA,01041,Crenshaw County,13772
NA,01043,Cullman County,83768
NA,01045,Dale County,49172
NA,01047,Dallas County,37196
NA,01049,DeKalb County,71513
NA,01051,Elmore County,81209
NA,01053,Escambia County,36633
NA,01055,Etowah County,102268
NA,01057,Fayette County,16302
NA,01059,Franklin County,31362
NA,01061,Geneva County,26271
NA,01063,Greene County,8111
NA,01065,Hale County,14651
NA,01067,Henry County,17205
NA,01069,Houston County,105882
NA,01071,Jackson County,51626
NA,01073,Jefferson County,658573
NA,01075,Lamar County,13805
NA,01077,Lauderdale County,92729
NA,01079,Lawrence County,32924
NA,01081,Lee County,164542
NA,01083,Limestone County,98915
NA,01085,Lowndes County,9726
NA,01087,Macon County,18068
NA,01089,Madison County,372909
NA,01091,Marengo County,18863
NA,01093,Marion County,29709
NA,01095,Marshall County,96774
NA,01097,Mobile County,413210
NA,01099,Monroe County,20733
NA,01101,Montgomery County,226486
NA,01103,Morgan County,119679
NA,01105,Perry County,8923
NA,01107,Pickens County,19930
NA,01109,Pike County,33114
NA,01111,Randolph County,22722
NA,01113,Russell County,57961
NA,01115,St. Clair County,89512
NA,01117,Shelby County,217702
NA,01119,Sumter County,12427
NA,01121,Talladega County,79978
NA,01123,Tallapoosa County,40367
NA,01125,Tuscaloosa County,209355
NA,01127,Walker County,63521
NA,01129,Washington County,16326
NA,01131,Wilcox County,10373
NA,01133,Winston County,23629
NA,02013,Aleutians East County,3337
NA,02016,Aleutians West County,5634
NA,02020,Anchorage County,288000
NA,02050,Bethel County,18386
NA,02060,Bristol Bay County,836
NA,02063,Chugach County,6751
NA,02066,Copper River County,2699
NA,02068,Denali County,2097
NA,02070,Dillingham County,4916
NA,02090,Fairbanks North Star County,96849
NA,02100,Haines County,2530
NA,02105,Hoonah-Angoon County,2148
NA,02110,Juneau County,31974
NA,02122,Kenai Peninsula County,58708
NA,02130,Ketchikan Gateway County,13901
NA,02150,Kodiak Island County,12998
NA,02158,Kusilvak County,8314
NA,02164,Lake and Peninsula County,1592
NA,02170,Matanuska-Susitna County,108317
NA,02180,Nome County,10004
NA,02185,North Slope County,9832
NA,02188,Northwest Arctic County,7621
NA,02195,Petersburg County,3266
NA,02198,Prince of Wales-Hyder County,6203
NA,02220,Sitka County,8493
NA,02230,Skagway County,1183
NA,02240,Southeast Fairbanks County,6893
NA,02261,Valdez-Cordova County,9202
NA,02275,Wrangell County,2502
NA,02282,Yakutat County,579
NA,02290,Yukon-Koyukuk County,5230
NA,04001,Apache County,71887
NA,04003,Cochise County,125922
NA,04005,Coconino County,143476
NA,04007,Gila County,54018
NA,04009,Graham County,38837
NA,04011,Greenlee County,9498
NA,04012,La Paz County,21108
NA,04013,Maricopa County,4485414
NA,04015,Mohave County,212181
NA,04017,Navajo County,110924
NA,04019,Pima County,1047279
NA,04021,Pinal County,462789
NA,04023,Santa Cruz County,46498
NA,04025,Yavapai County,235099
NA,04027,Yuma County,213787
NA,05001,Arkansas County,17486
NA,05003,Ashley County,19657
NA,05005,Baxter County,41932
NA,05007,Benton County,279141
NA,05009,Boone County,37432
NA,05011,Bradley County,10763
NA,05013,Calhoun County,5189
NA,05015,Carroll County,28380
NA,05017,Chicot County,10118
NA,05019,Clark County,22320
NA,05021,Clay County,14551
NA,05023,Cleburne County,24919
NA,05025,Cleveland County,7956
NA,05027,Columbia County,23457
NA,05029,Conway County,20846
NA,05031,Craighead County,110332
NA,05033,Crawford County,63257
NA,05035,Crittenden County,47955
NA,05037,Cross County,16419
NA,05039,Dallas County,7009
NA,05041,Desha County,11361
NA,05043,Drew County,18219
NA,05045,Faulkner County,126007
NA,05047,Franklin County,17715
NA,05049,Fulton County,12477
NA,05051,Garland County,99386
NA,05053,Grant County,18265
NA,05055,Greene County,45325
NA,05057,Hempstead County,21532
NA,05059,Hot Spring County,33771
NA,05061,Howard County,13202
NA,05063,Independence County,37825
NA,05065,Izard County,13629
NA,05067,Jackson County,16719
NA,05069,Jefferson County,66824
NA,05071,Johnson County,26578
NA,05073,Lafayette County,6624
NA,05075,Lawrence County,16406
NA,05077,Lee County,8857
NA,05079,Lincoln County,13024
NA,05081,Little River County,12259
NA,05083,Logan County,21466
NA,05085,Lonoke County,73309
NA,05087,Madison County,16576
NA,05089,Marion County,16694
NA,05091,Miller County,43257
NA,05093,Mississippi County,40651
NA,05095,Monroe County,6701
NA,05097,Montgomery County,8986
NA,05099,Nevada County,8252
NA,05101,Newton County,7753
NA,05103,Ouachita County,23382
NA,05105,Perry County,10455
NA,05107,Phillips County,17782
NA,05109,Pike County,10718
NA,05111,Poinsett County,23528
NA,05113,Polk County,19964
NA,05115,Pope County,64072
NA,05117,Prairie County,8062
NA,05119,Pulaski County,391911
NA,05121,Randolph County,17958
NA,05123,St. Francis County,24994
NA,05125,Saline County,122437
NA,05127,Scott County,10281
NA,05129,Searcy County,7881
NA,05131,Sebastian County,127827
NA,05133,Sevier County,17007
NA,05135,Sharp County,17442
NA,05137,Stone County,12506
NA,05139,Union County,38682
NA,05141,Van Buren County,16545
NA,05143,Washington County,239187
NA,05145,White County,78753
NA,05147,Woodruff County,6320
NA,05149,Yell County,21341
NA,06001,Alameda County,1671329
NA,06003,Alpine County,1129
NA,06005,Amador County,39752
NA,06007,Butte County,219186
NA,06009,Calaveras County,45905
NA,06011,Colusa County,21547
NA,06013,Contra Costa County,1153526
NA,06015,Del Norte County,27812
NA,06017,El Dorado County,192843
NA,06019,Fresno County,999101
NA,06021,Glenn County,28393
NA,06023,Humboldt County,135558
NA,06025,Imperial County,181215
NA,06027,Inyo County,18039
NA,06029,Kern County,900202
NA,06031,Kings County,152940
NA,06033,Lake County,64386
NA,06035,Lassen County,30573
NA,06037,Los Angeles County,10039107
NA,06039,Madera County,157327
NA,06041,Marin County,258826
NA,06043,Mariposa County,17203
NA,06045,Mendocino County,86749
NA,06047,Merced County,277680
NA,06049,Modoc County,8841
NA,06051,Mono County,14444
NA,06053,Monterey County,434061
NA,06055,Napa County,137744
NA,06057,Nevada County,99755
NA,06059,Orange County,3175692
NA,06061,Placer County,398329
NA,06063,Plumas County,18807
NA,06065,Riverside County,2470546
NA,06067,Sacramento County,1552058
NA,06069,San Benito County,62808
NA,06071,San Bernardino County,2180085
NA,06073,San Diego County,3338330
NA,06075,San Francisco County,881549
NA,06077,San Joaquin County,762148
NA,06079,San Luis Obispo County,283111
NA,06081,San Mateo County,766573
NA,06083,Santa Barbara County,446499
NA,06085,Santa Clara County,1927852
NA,06087,Santa Cruz County,273213
NA,06089,Shasta County,180080
NA,06091,Sierra County,3005
NA,06093,Siskiyou County,43539
NA,06095,Solano County,447643
NA,06097,Sonoma County,494336
NA,06099,Stanislaus County,550660
NA,06101,Sutter County,96971
NA,06103,Tehama County,65084
NA,06105,Trinity County,12285
NA,06107,Tulare County,466195
NA,06109,Tuolumne County,54478
NA,06111,Ventura County,846006
NA,06113,Yolo County,220500
NA,06115,Yuba County,78668
NA,08001,Adams County,517421
NA,08003,Alamosa County,16233
NA,08005,Arapahoe County,656590
NA,08007,Archuleta County,14029
NA,08009,Baca County,3581
NA,08011,Bent County,5577
NA,08013,Boulder County,326196
NA,08014,Broomfield County,70465
NA,08015,Chaffee County,20356
NA,08017,Cheyenne County,1831
NA,08019,Clear Creek County,9700
NA,08021,Conejos County,8205
NA,08023,Costilla County,3887
NA,08025,Crowley County,6061
NA,08027,Custer County,5068
NA,08029,Delta County,31162
NA,08031,Denver County,727211
NA,08033,Dolores County,2055
NA,08035,Douglas County,351154
NA,08037,Eagle County,55127
NA,08039,Elbert County,26729
NA,08041,El Paso County,720403
NA,08043,Fremont County,47839
NA,08045,Garfield County,60061
NA,08047,Gilpin County,6243
NA,08049,Grand County,15734
NA,08051,Gunnison County,17462
NA,08053,Hinsdale County,820
NA,08055,Huerfano County,6897
NA,08057,Jackson County,1392
NA,08059,Jefferson County,582881
NA,08061,Kiowa County,1406
NA,08063,Kit Carson County,7097
NA,08065,Lake County,8127
NA,08067,La Plata County,56221
NA,08069,Larimer County,356899
NA,08071,Las Animas County,14506
NA,08073,Lincoln County,5701
NA,08075,Logan County,22409
NA,08077,Mesa County,154210
NA,08079,Mineral County,769
NA,08081,Moffat County,13283
NA,08083,Montezuma County,26183
NA,08085,Montrose County,42758
NA,08087,Morgan County,29068
NA,08089,Otero County,18278
NA,08091,Ouray County,4952
NA,08093,Park County,18845
NA,08095,Phillips County,4265
NA,08097,Pitkin County,17767
NA,08099,Prowers County,12172
NA,08101,Pueblo County,168424
NA,08103,Rio Blanco County,6324
NA,08105,Rio Grande County,11267
NA,08107,Routt County,25638
NA,08109,Saguache County,6824
NA,08111,San Juan County,728
NA,08113,San Miguel County,8179
NA,08115,Sedgwick County,2248
NA,08117,Summit County,31011
NA,08119,Teller County,25388
NA,08121,Washington County,4908
NA,08123,Weld County,324492
NA,08125,Yuma County,10019
NA,09001,Fairfield County,943332
NA,09003,Hartford County,891720
NA,09005,Litchfield County,180333
NA,09007,Middlesex County,162436
NA,09009,New Haven County,854757
NA,09011,New London County,265206
NA,09013,Tolland County,150721
NA,09015,Windham County,116782
NA,10001,Kent County,180786
NA,10003,New Castle County,558753
NA,10005,Sussex County,234225
NA,11001,District of Columbia,705749
NA,12001,Alachua County,269043
NA,12003,Baker County,29210
NA,12005,Bay County,174705
NA,12007,Bradford County,28201
NA,12009,Brevard County,601942
NA,12011,Broward County,1952778
NA,12013,Calhoun County,14105
NA,12015,Charlotte County,188910
NA,12017,Citrus County,149657
NA,12019,Clay County,219252
NA,12021,Collier County,384902
NA,12023,Columbia County,71686
NA,12027,DeSoto County,38001
NA,12029,Dixie County,16826
NA,12031,Duval County,957755
NA,12033,Escambia County,318316
NA,12035,Flagler County,115081
NA,12037,Franklin County,12125
NA,12039,Gadsden County,45660
NA,12041,Gilchrist County,18582
NA,12043,Glades County,13811
NA,12045,Gulf County,13639
NA,12047,Hamilton County,14428
NA,12049,Hardee County,26937
NA,12051,Hendry County,42022
NA,12053,Hernando County,193920
NA,12055,Highlands County,106221
NA,12057,Hillsborough County,1471968
NA,12059,Holmes County,19617
NA,12061,Indian River County,159923
NA,12063,Jackson County,46414
NA,12065,Jefferson County,14246
NA,12067,Lafayette County,8422
NA,12069,Lake County,367118
NA,12071,Lee County,770577
NA,12073,Leon County,293582
NA,12075,Levy County,41503
NA,12077,Liberty County,8354
NA,12079,Madison County,18493
NA,12081,Manatee County,403253
NA,12083,Marion County,365579
NA,12085,Martin County,161000
NA,12086,Miami-Dade County,2716940
NA,12087,Monroe County,74228
NA,12089,Nassau County,88625
NA,12091,Okaloosa County,210738
NA,12093,Okeechobee County,42168
NA,12095,Orange County,1393452
NA,12097,Osceola County,375751
NA,12099,Palm Beach County,1496770
NA,12101,Pasco County,553947
NA,12103,Pinellas County,974996
NA,12105,Polk County,724777
NA,12107,Putnam County,74521
NA,12109,St. Johns County,264672
NA,12111,St. Lucie County,328297
NA,12113,Santa Rosa County,184313
NA,12115,Sarasota County,433742
NA,12117,Seminole County,471826
NA,12119,Sumter County,132420
NA,12121,Suwannee County,44417
NA,12123,Taylor County,21569
NA,12125,Union County,15237
NA,12127,Volusia County,553284
NA,12129,Wakulla County,33739
NA,12131,Walton County,74071
NA,12133,Washington County,25473
NA,13001,Appling County,18386
NA,13003,Atkinson County,8165
NA,13005,Bacon County,11164
NA,13007,Baker County,3038
NA,13009,Baldwin County,44890
NA,13011,Banks County,19234
NA,13013,Barrow County,83240
NA,13015,Bartow County,107738
NA,13017,Ben Hill County,16700
NA,13019,Berrien County,19397
NA,13021,Bibb County,153159
NA,13023,Bleckley County,12873
NA,13025,Brantley County,19109
NA,13027,Brooks County,15457
NA,13029,Bryan County,39627
NA,13031,Bulloch County,79608
NA,13033,Burke County,22383
NA,13035,Butts County,24936
NA,13037,Calhoun County,6189
NA,13039,Camden County,54666
NA,13043,Candler County,10803
NA,13045,Carroll County,119992
NA,13047,Catoosa County,67580
NA,13049,Charlton County,13392
NA,13051,Chatham County,289430
NA,13053,Chattahoochee County,10907
NA,13055,Chattooga County,24789
NA,13057,Cherokee County,258773
NA,13059,Clarke County,128331
NA,13061,Clay County,2834
NA,13063,Clayton County,292256
NA,13065,Clinch County,6618
NA,13067,Cobb County,760141
NA,13069,Coffee County,43273
NA,13071,Colquitt County,45600
NA,13073,Columbia County,156714
NA,13075,Cook County,17270
NA,13077,Coweta County,148509
NA,13079,Crawford County,12404
NA,13081,Crisp County,22372
NA,13083,Dade County,16116
NA,13085,Dawson County,26108
NA,13087,Decatur County,26404
NA,13089,DeKalb County,759297
NA,13091,Dodge County,20605
NA,13093,Dooly County,13390
NA,13095,Dougherty County,87956
NA,13097,Douglas County,146343
NA,13099,Early County,10190
NA,13101,Echols County,4006
NA,13103,Effingham County,64296
NA,13105,Elbert County,19194
NA,13107,Emanuel County,22646
NA,13109,Evans County,10654
NA,13111,Fannin County,26188
NA,13113,Fayette County,114421
NA,13115,Floyd County,98498
NA,13117,Forsyth County,244252
NA,13119,Franklin County,23349
NA,13121,Fulton County,1063937
NA,13123,Gilmer County,31369
NA,13125,Glascock County,2971
NA,13127,Glynn County,85292
NA,13129,Gordon County,57963
NA,13131,Grady County,24633
NA,13133,Greene County,18324
NA,13135,Gwinnett County,936250
NA,13137,Habersham County,45328
NA,13139,Hall County,204441
NA,13141,Hancock County,8457
NA,13143,Haralson County,29792
NA,13145,Harris County,35236
NA,13147,Hart County,26205
NA,13149,Heard County,11923
NA,13151,Henry County,234561
NA,13153,Houston County,157863
NA,13155,Irwin County,9416
NA,13157,Jackson County,72977
NA,13159,Jasper County,14219
NA,13161,Jeff Davis County,15115
NA,13163,Jefferson County,15362
NA,13165,Jenkins County,8676
NA,13167,Johnson County,9643
NA,13169,Jones County,28735
NA,13171,Lamar County,19077
NA,13173,Lanier County,10423
NA,13175,Laurens County,47546
NA,13177,Lee County,29992
NA,13179,Liberty County,61435
NA,13181,Lincoln County,7921
NA,13183,Long County,19559
NA,13185,Lowndes County,117406
NA,13187,Lumpkin County,33610
NA,13189,McDuffie County,21312
NA,13191,McIntosh County,14378
NA,13193,Macon County,12947
NA,13195,Madison County,29880
NA,13197,Marion County,8359
NA,13199,Meriwether County,21167
NA,13201,Miller County,5718
NA,13205,Mitchell County,21863
NA,13207,Monroe County,27578
NA,13209,Montgomery County,9172
NA,13211,Morgan County,19276
NA,13213,Murray County,40096
NA,13215,Muscogee County,195769
NA,13217,Newton County,111744
NA,13219,Oconee County,40280
NA,13221,Oglethorpe County,15259
NA,13223,Paulding County,168667
NA,13225,Peach County,27546
NA,13227,Pickens County,32591
NA,13229,Pierce County,19465
NA,13231,Pike County,18962
NA,13233,Polk County,42613
NA,13235,Pulaski County,11137
NA,13237,Putnam County,22119
NA,13239,Quitman County,2299
NA,13241,Rabun County,17137
NA,13243,Randolph County,6778
NA,13245,Richmond County,202518
NA,13247,Rockdale County,90896
NA,13249,Schley County,5257
NA,13251,Screven County,13966
NA,13253,Seminole County,8090
NA,13255,Spalding County,66703
NA,13257,Stephens County,25925
NA,13259,Stewart County,6621
NA,13261,Sumter County,29524
NA,13263,Talbot County,6195
NA,13265,Taliaferro County,1537
NA,13267,Tattnall County,25286
NA,13269,Taylor County,8020
NA,13271,Telfair County,15860
NA,13273,Terrell County,8531
NA,13275,Thomas County,44451
NA,13277,Tift County,40644
NA,13279,Toombs County,26830
NA,13281,Towns County,12037
NA,13283,Treutlen County,6901
NA,13285,Troup County,69922
NA,13287,Turner County,7985
NA,13289,Twiggs County,8120
NA,13291,Union County,24511
NA,13293,Upson County,26320
NA,13295,Walker County,69761
NA,13297,Walton County,94593
NA,13299,Ware County,35734
NA,13301,Warren County,5254
NA,13303,Washington County,20374
NA,13305,Wayne County,29927
NA,13307,Webster County,2607
NA,13309,Wheeler County,7855
NA,13311,White County,30798
NA,13313,Whitfield County,104628
NA,13315,Wilcox County,8635
NA,13317,Wilkes County,9777
NA,13319,Wilkinson County,8954
NA,13321,Worth County,20247
NA,15001,Hawaii County,201513
NA,15003,Honolulu County,974563
NA,15005,Kalawao County,86
NA,15007,Kauai County,72293
NA,15009,Maui County,167417
NA,16001,Ada County,481587
NA,16003,Adams County,4294
NA,16005,Bannock County,87808
NA,16007,Bear Lake County,6125
NA,16009,Benewah County,9298
NA,16011,Bingham County,46811
NA,16013,Blaine County,23021
NA,16015,Boise County,7831
NA,16017,Bonner County,45739
NA,16019,Bonneville County,119062
NA,16021,Boundary County,12245
NA,16023,Butte County,2597
NA,16025,Camas County,1106
NA,16027,Canyon County,229849
NA,16029,Caribou County,7155
NA,16031,Cassia County,24030
NA,16033,Clark County,845
NA,16035,Clearwater County,8756
NA,16037,Custer County,4315
NA,16039,Elmore County,27511
NA,16041,Franklin County,13876
NA,16043,Fremont County,13099
NA,16045,Gem County,18112
NA,16047,Gooding County,15179
NA,16049,Idaho County,16667
NA,16051,Jefferson County,29871
NA,16053,Jerome County,24412
NA,16055,Kootenai County,165697
NA,16057,Latah County,40108
NA,16059,Lemhi County,8027
NA,16061,Lewis County,3838
NA,16063,Lincoln County,5366
NA,16065,Madison County,39907
NA,16067,Minidoka County,21039
NA,16069,Nez Perce County,40408
NA,16071,Oneida County,4531
NA,16073,Owyhee County,11823
NA,16075,Payette County,23951
NA,16077,Power County,7681
NA,16079,Shoshone County,12882
NA,16081,Teton County,12142
NA,16083,Twin Falls County,86878
NA,16085,Valley County,11392
NA,16087,Washington County,10194
NA,17001,Adams County,65435
NA,17003,Alexander County,5761
NA,17005,Bond County,16426
NA,17007,Boone County,53544
NA,17009,Brown County,6578
NA,17011,Bureau County,32628
NA,17013,Calhoun County,4739
NA,17015,Carroll County,14305
NA,17017,Cass County,12147
NA,17019,Champaign County,209689
NA,17021,Christian County,32304
NA,17023,Clark County,15441
NA,17025,Clay County,13184
NA,17027,Clinton County,37562
NA,17029,Coles County,50621
NA,17031,Cook County,5150233
NA,17033,Crawford County,18667
NA,17035,Cumberland County,10766
NA,17037,DeKalb County,104897
NA,17039,De Witt County,15638
NA,17041,Douglas County,19465
NA,17043,DuPage County,922921
NA,17045,Edgar County,17161
NA,17047,Edwards County,6395
NA,17049,Effingham County,34008
NA,17051,Fayette County,21336
NA,17053,Ford County,12961
NA,17055,Franklin County,38469
NA,17057,Fulton County,34340
NA,17059,Gallatin County,4828
NA,17061,Greene County,12969
NA,17063,Grundy County,51054
NA,17065,Hamilton County,8116
NA,17067,Hancock County,17708
NA,17069,Hardin County,3821
NA,17071,Henderson County,6646
NA,17073,Henry County,48913
NA,17075,Iroquois County,27114
NA,17077,Jackson County,56750
NA,17079,Jasper County,9610
NA,17081,Jefferson County,37684
NA,17083,Jersey County,21773
NA,17085,Jo Daviess County,21235
NA,17087,Johnson County,12417
NA,17089,Kane County,532403
NA,17091,Kankakee County,109862
NA,17093,Kendall County,128990
NA,17095,Knox County,49699
NA,17097,Lake County,696535
NA,17099,LaSalle County,108669
NA,17101,Lawrence County,15678
NA,17103,Lee County,34096
NA,17105,Livingston County,35648
NA,17107,Logan County,28618
NA,17109,McDonough County,29682
NA,17111,McHenry County,307774
NA,17113,McLean County,171517
NA,17115,Macon County,104009
NA,17117,Macoupin County,44926
NA,17119,Madison County,262966
NA,17121,Marion County,37205
NA,17123,Marshall County,11438
NA,17125,Mason County,13359
NA,17127,Massac County,13772
NA,17129,Menard County,12196
NA,17131,Mercer County,15437
NA,17133,Monroe County,34637
NA,17135,Montgomery County,28414
NA,17137,Morgan County,33658
NA,17139,Moultrie County,14501
NA,17141,Ogle County,50643
NA,17143,Peoria County,179179
NA,17145,Perry County,20916
NA,17147,Piatt County,16344
NA,17149,Pike County,15561
NA,17151,Pope County,4177
NA,17153,Pulaski County,5335
NA,17155,Putnam County,5739
NA,17157,Randolph County,31782
NA,17159,Richland County,15513
NA,17161,Rock Island County,141879
NA,17163,St. Clair County,259686
NA,17165,Saline County,23491
NA,17167,Sangamon County,194672
NA,17169,Schuyler County,6768
NA,17171,Scott County,4951
NA,17173,Shelby County,21634
NA,17175,Stark County,5342
NA,17177,Stephenson County,44498
NA,17179,Tazewell County,131803
NA,17181,Union County,16653
NA,17183,Vermilion County,75758
NA,17185,Wabash County,11520
NA,17187,Warren County,16844
NA,17189,Washington County,13887
NA,17191,Wayne County,16215
NA,17193,White County,13537
NA,17195,Whiteside County,55175
NA,17197,Will County,690743
NA,17199,Williamson County,66597
NA,17201,Winnebago County,282572
NA,17203,Woodford County,38459
NA,18001,Adams County,35777
NA,18003,Allen County,379299
NA,18005,Bartholomew County,83779
NA,18007,Benton County,8748
NA,18009,Blackford County,11758
NA,18011,Boone County,67843
NA,18013,Brown County,15092
NA,18015,Carroll County,20257
NA,18017,Cass County,37689
NA,18019,Clark County,118302
NA,18021,Clay County,26225
NA,18023,Clinton County,32399
NA,18025,Crawford County,10577
NA,18027,Daviess County,33351
NA,18029,Dearborn County,49458
NA,18031,Decatur County,26559
NA,18033,DeKalb County,43475
NA,18035,Delaware County,114135
NA,18037,Dubois County,42736
NA,18039,Elkhart County,206341
NA,18041,Fayette County,23102
NA,18043,Floyd County,78522
NA,18045,Fountain County,16346
NA,18047,Franklin County,22758
NA,18049,Fulton County,19974
NA,18051,Gibson County,33659
NA,18053,Grant County,65769
NA,18055,Greene County,31922
NA,18057,Hamilton County,338011
NA,18059,Hancock County,78168
NA,18061,Harrison County,40515
NA,18063,Hendricks County,170311
NA,18065,Henry County,47972
NA,18067,Howard County,82544
NA,18069,Huntington County,36520
NA,18071,Jackson County,44231
NA,18073,Jasper County,33562
NA,18075,Jay County,20436
NA,18077,Jefferson County,32308
NA,18079,Jennings County,27735
NA,18081,Johnson County,158167
NA,18083,Knox County,36594
NA,18085,Kosciusko County,79456
NA,18087,LaGrange County,39614
NA,18089,Lake County,485493
NA,18091,LaPorte County,109888
NA,18093,Lawrence County,45370
NA,18095,Madison County,129569
NA,18097,Marion County,964582
NA,18099,Marshall County,46258
NA,18101,Martin County,10255
NA,18103,Miami County,35516
NA,18105,Monroe County,148431
NA,18107,Montgomery County,38338
NA,18109,Morgan County,70489
NA,18111,Newton County,13984
NA,18113,Noble County,47744
NA,18115,Ohio County,5875
NA,18117,Orange County,19646
NA,18119,Owen County,20799
NA,18121,Parke County,16937
NA,18123,Perry County,19169
NA,18125,Pike County,12389
NA,18127,Porter County,170389
NA,18129,Posey County,25427
NA,18131,Pulaski County,12353
NA,18133,Putnam County,37576
NA,18135,Randolph County,24665
NA,18137,Ripley County,28324
NA,18139,Rush County,16581
NA,18141,St. Joseph County,271826
NA,18143,Scott County,23873
NA,18145,Shelby County,44729
NA,18147,Spencer County,20277
NA,18149,Starke County,22995
NA,18151,Steuben County,34594
NA,18153,Sullivan County,20669
NA,18155,Switzerland County,10751
NA,18157,Tippecanoe County,195732
NA,18159,Tipton County,15148
NA,18161,Union County,7054
NA,18163,Vanderburgh County,181451
NA,18165,Vermillion County,15498
NA,18167,Vigo County,107038
NA,18169,Wabash County,30996
NA,18171,Warren County,8265
NA,18173,Warrick County,62998
NA,18175,Washington County,28036
NA,18177,Wayne County,65884
NA,18179,Wells County,28296
NA,18181,White County,24102
NA,18183,Whitley County,33964
NA,19001,Adair County,7152
NA,19003,Adams County,3602
NA,19005,Allamakee County,13687
NA,19007,Appanoose County,12426
NA,19009,Audubon County,5496
NA,19011,Benton County,25645
NA,19013,Black Hawk County,131228
NA,19015,Boone County,26234
NA,19017,Bremer County,25062
NA,19019,Buchanan County,21175
NA,19021,Buena Vista County,19620
NA,19023,Butler County,14439
NA,19025,Calhoun County,9668
NA,19027,Carroll County,20165
NA,19029,Cass County,12836
NA,19031,Cedar County,18627
NA,19033,Cerro Gordo County,42450
NA,19035,Cherokee County,11235
NA,19037,Chickasaw County,11933
NA,19039,Clarke County,9395
NA,19041,Clay County,16016
NA,19043,Clayton County,17549
NA,19045,Clinton County,46429
NA,19047,Crawford County,16820
NA,19049,Dallas County,93453
NA,19051,Davis County,9000
NA,19053,Decatur County,7870
NA,19055,Delaware County,17011
NA,19057,Des Moines County,38967
NA,19059,Dickinson County,17258
NA,19061,Dubuque County,97311
NA,19063,Emmet County,9208
NA,19065,Fayette County,19650
NA,19067,Floyd County,15642
NA,19069,Franklin County,10070
NA,19071,Fremont County,6960
NA,19073,Greene County,8888
NA,19075,Grundy County,12232
NA,19077,Guthrie County,10689
NA,19079,Hamilton County,14773
NA,19081,Hancock County,10630
NA,19083,Hardin County,16846
NA,19085,Harrison County,14049
NA,19087,Henry County,19954
NA,19089,Howard County,9158
NA,19091,Humboldt County,9558
NA,19093,Ida County,6860
NA,19095,Iowa County,16184
NA,19097,Jackson County,19439
NA,19099,Jasper County,37185
NA,19101,Jefferson County,18295
NA,19103,Johnson County,151140
NA,19105,Jones County,20681
NA,19107,Keokuk County,10246
NA,19109,Kossuth County,14813
NA,19111,Lee County,33657
NA,19113,Linn County,226706
NA,19115,Louisa County,11035
NA,19117,Lucas County,8600
NA,19119,Lyon County,11755
NA,19121,Madison County,16338
NA,19123,Mahaska County,22095
NA,19125,Marion County,33253
NA,19127,Marshall County,39369
NA,19129,Mills County,15109
NA,19131,Mitchell County,10586
NA,19133,Monona County,8615
NA,19135,Monroe County,7707
NA,19137,Montgomery County,9917
NA,19139,Muscatine County,42664
NA,19141,O'Brien County,13753
NA,19143,Osceola County,5958
NA,19145,Page County,15107
NA,19147,Palo Alto County,8886
NA,19149,Plymouth County,25177
NA,19151,Pocahontas County,6619
NA,19153,Polk County,490161
NA,19155,Pottawattamie County,93206
NA,19157,Poweshiek County,18504
NA,19159,Ringgold County,4894
NA,19161,Sac County,9721
NA,19163,Scott County,172943
NA,19165,Shelby County,11454
NA,19167,Sioux County,34855
NA,19169,Story County,97117
NA,19171,Tama County,16854
NA,19173,Taylor County,6121
NA,19175,Union County,12241
NA,19177,Van Buren County,7044
NA,19179,Wapello County,34969
NA,19181,Warren County,51466
NA,19183,Washington County,21965
NA,19185,Wayne County,6441
NA,19187,Webster County,35904
NA,19189,Winnebago County,10354
NA,19191,Winneshiek County,19991
NA,19193,Woodbury County,103107
NA,19195,Worth County,7381
NA,19197,Wright County,12562
NA,20001,Allen County,12369
NA,20003,Anderson County,7858
NA,20005,Atchison County,16073
NA,20007,Barber County,4427
NA,20009,Barton County,25779
NA,20011,Bourbon County,14534
NA,20013,Brown County,9564
NA,20015,Butler County,66911
NA,20017,Chase County,2648
NA,20019,Chautauqua County,3250
NA,20021,Cherokee County,19939
NA,20023,Cheyenne County,2657
NA,20025,Clark County,1994
NA,20027,Clay County,8002
NA,20029,Cloud County,8786
NA,20031,Coffey County,8179
NA,20033,Comanche County,1700
NA,20035,Cowley County,34908
NA,20037,Crawford County,38818
NA,20039,Decatur County,2827
NA,20041,Dickinson County,18466
NA,20043,Doniphan County,7600
NA,20045,Douglas County,122259
NA,20047,Edwards County,2798
NA,20049,Elk County,2530
NA,20051,Ellis County,28553
NA,20053,Ellsworth County,6102
NA,20055,Finney County,36467
NA,20057,Ford County,33619
NA,20059,Franklin County,25544
NA,20061,Geary County,31670
NA,20063,Gove County,2636
NA,20065,Graham County,2482
NA,20067,Grant County,7150
NA,20069,Gray County,5988
NA,20071,Greeley County,1232
NA,20073,Greenwood County,5982
NA,20075,Hamilton County,2539
NA,20077,Harper County,5436
NA,20079,Harvey County,34429
NA,20081,Haskell County,3968
NA,20083,Hodgeman County,1794
NA,20085,Jackson County,13171
NA,20087,Jefferson County,19043
NA,20089,Jewell County,2879
NA,20091,Johnson County,602401
NA,20093,Kearny County,3838
NA,20095,Kingman County,7152
NA,20097,Kiowa County,2475
NA,20099,Labette County,19618
NA,20101,Lane County,1535
NA,20103,Leavenworth County,81758
NA,20105,Lincoln County,2962
NA,20107,Linn County,9703
NA,20109,Logan County,2794
NA,20111,Lyon County,33195
NA,20113,McPherson County,28542
NA,20115,Marion County,11884
NA,20117,Marshall County,9707
NA,20119,Meade County,4033
NA,20121,Miami County,34237
NA,20123,Mitchell County,5979
NA,20125,Montgomery County,31829
NA,20127,Morris County,5620
NA,20129,Morton County,2587
NA,20131,Nemaha County,10231
NA,20133,Neosho County,16007
NA,20135,Ness County,2750
NA,20137,Norton County,5361
NA,20139,Osage County,15949
NA,20141,Osborne County,3421
NA,20143,Ottawa County,5704
NA,20145,Pawnee County,6414
NA,20147,Phillips County,5234
NA,20149,Pottawatomie County,24383
NA,20151,Pratt County,9164
NA,20153,Rawlins County,2530
NA,20155,Reno County,61998
NA,20157,Republic County,4636
NA,20159,Rice County,9537
NA,20161,Riley County,74232
NA,20163,Rooks County,4920
NA,20165,Rush County,3036
NA,20167,Russell County,6856
NA,20169,Saline County,54224
NA,20171,Scott County,4823
NA,20173,Sedgwick County,516042
NA,20175,Seward County,21428
NA,20177,Shawnee County,176875
NA,20179,Sheridan County,2521
NA,20181,Sherman County,5917
NA,20183,Smith County,3583
NA,20185,Stafford County,4156
NA,20187,Stanton County,2006
NA,20189,Stevens County,5485
NA,20191,Sumner County,22836
NA,20193,Thomas County,7777
NA,20195,Trego County,2803
NA,20197,Wabaunsee County,6931
NA,20199,Wallace County,1518
NA,20201,Washington County,5406
NA,20203,Wichita County,2119
NA,20205,Wilson County,8525
NA,20207,Woodson County,3138
NA,20209,Wyandotte County,165429
NA,21001,Adair County,19202
NA,21003,Allen County,21315
NA,21005,Anderson County,22747
NA,21007,Ballard County,7888
NA,21009,Barren County,44249
NA,21011,Bath County,12500
NA,21013,Bell County,26032
NA,21015,Boone County,133581
NA,21017,Bourbon County,19788
NA,21019,Boyd County,46718
NA,21021,Boyle County,30060
NA,21023,Bracken County,8303
NA,21025,Breathitt County,12630
NA,21027,Breckinridge County,20477
NA,21029,Bullitt County,81676
NA,21031,Butler County,12879
NA,21033,Caldwell County,12747
NA,21035,Calloway County,39001
NA,21037,Campbell County,93584
NA,21039,Carlisle County,4760
NA,21041,Carroll County,10631
NA,21043,Carter County,26797
NA,21045,Casey County,16159
NA,21047,Christian County,70461
NA,21049,Clark County,36263
NA,21051,Clay County,19901
NA,21053,Clinton County,10218
NA,21055,Crittenden County,8806
NA,21057,Cumberland County,6614
NA,21059,Daviess County,101511
NA,21061,Edmonson County,12150
NA,21063,Elliott County,7517
NA,21065,Estill County,14106
NA,21067,Fayette County,323152
NA,21069,Fleming County,14581
NA,21071,Floyd County,35589
NA,21073,Franklin County,50991
NA,21075,Fulton County,5969
NA,21077,Gallatin County,8869
NA,21079,Garrard County,17666
NA,21081,Grant County,25069
NA,21083,Graves County,37266
NA,21085,Grayson County,26427
NA,21087,Green County,10941
NA,21089,Greenup County,35098
NA,21091,Hancock County,8722
NA,21093,Hardin County,110958
NA,21095,Harlan County,26010
NA,21097,Harrison County,18886
NA,21099,Hart County,19035
NA,21101,Henderson County,45210
NA,21103,Henry County,16126
NA,21105,Hickman County,4380
NA,21107,Hopkins County,44686
NA,21109,Jackson County,13329
NA,21111,Jefferson County,766757
NA,21113,Jessamine County,54115
NA,21115,Johnson County,22188
NA,21117,Kenton County,166998
NA,21119,Knott County,14806
NA,21121,Knox County,31145
NA,21123,Larue County,14398
NA,21125,Laurel County,60813
NA,21127,Lawrence County,15317
NA,21129,Lee County,7403
NA,21131,Leslie County,9877
NA,21133,Letcher County,21553
NA,21135,Lewis County,13275
NA,21137,Lincoln County,24549
NA,21139,Livingston County,9194
NA,21141,Logan County,27102
NA,21143,Lyon County,8210
NA,21145,McCracken County,65418
NA,21147,McCreary County,17231
NA,21149,McLean County,9207
NA,21151,Madison County,92987
NA,21153,Magoffin County,12161
NA,21155,Marion County,19273
NA,21157,Marshall County,31100
NA,21159,Martin County,11195
NA,21161,Mason County,17070
NA,21163,Meade County,28572
NA,21165,Menifee County,6489
NA,21167,Mercer County,21933
NA,21169,Metcalfe County,10071
NA,21171,Monroe County,10650
NA,21173,Montgomery County,28157
NA,21175,Morgan County,13309
NA,21177,Muhlenberg County,30622
NA,21179,Nelson County,46233
NA,21181,Nicholas County,7269
NA,21183,Ohio County,23994
NA,21185,Oldham County,66799
NA,21187,Owen County,10901
NA,21189,Owsley County,4415
NA,21191,Pendleton County,14590
NA,21193,Perry County,25758
NA,21195,Pike County,57876
NA,21197,Powell County,12359
NA,21199,Pulaski County,64979
NA,21201,Robertson County,2108
NA,21203,Rockcastle County,16695
NA,21205,Rowan County,24460
NA,21207,Russell County,17923
NA,21209,Scott County,57004
NA,21211,Shelby County,49024
NA,21213,Simpson County,18572
NA,21215,Spencer County,19351
NA,21217,Taylor County,25769
NA,21219,Todd County,12294
NA,21221,Trigg County,14651
NA,21223,Trimble County,8471
NA,21225,Union County,14381
NA,21227,Warren County,132896
NA,21229,Washington County,12095
NA,21231,Wayne County,20333
NA,21233,Webster County,12942
NA,21235,Whitley County,36264
NA,21237,Wolfe County,7157
NA,21239,Woodford County,26734
NA,22001,Acadia County,62045
NA,22003,Allen County,25627
NA,22005,Ascension County,126604
NA,22007,Assumption County,21891
NA,22009,Avoyelles County,40144
NA,22011,Beauregard County,37497
NA,22013,Bienville County,13241
NA,22015,Bossier County,127039
NA,22017,Caddo County,240204
NA,22019,Calcasieu County,203436
NA,22021,Caldwell County,9918
NA,22023,Cameron County,6973
NA,22025,Catahoula County,9494
NA,22027,Claiborne County,15670
NA,22029,Concordia County,19259
NA,22031,De Soto County,27463
NA,22033,East Baton Rouge County,440059
NA,22035,East Carroll County,6861
NA,22037,East Feliciana County,19135
NA,22039,Evangeline County,33395
NA,22041,Franklin County,20015
NA,22043,Grant County,22389
NA,22045,Iberia County,69830
NA,22047,Iberville County,32511
NA,22049,Jackson County,15744
NA,22051,Jefferson County,432493
NA,22053,Jefferson Davis County,31368
NA,22055,Lafayette County,244390
NA,22057,Lafourche County,97614
NA,22059,LaSalle County,14892
NA,22061,Lincoln County,46742
NA,22063,Livingston County,140789
NA,22065,Madison County,10951
NA,22067,Morehouse County,24874
NA,22069,Natchitoches County,38158
NA,22071,Orleans County,390144
NA,22073,Ouachita County,153279
NA,22075,Plaquemines County,23197
NA,22077,Pointe Coupee County,21730
NA,22079,Rapides County,129648
NA,22081,Red River County,8442
NA,22083,Richland County,20122
NA,22085,Sabine County,23884
NA,22087,St. Bernard County,47244
NA,22089,St. Charles County,53100
NA,22091,St. Helena County,10132
NA,22093,St. James County,21096
NA,22095,St. John the Baptist County,42837
NA,22097,St. Landry County,82124
NA,22099,St. Martin County,53431
NA,22101,St. Mary County,49348
NA,22103,St. Tammany County,260419
NA,22105,Tangipahoa County,134758
NA,22107,Tensas County,4334
NA,22109,Terrebonne County,110461
NA,22111,Union County,22108
NA,22113,Vermilion County,59511
NA,22115,Vernon County,47429
NA,22117,Washington County,46194
NA,22119,Webster County,38340
NA,22121,West Baton Rouge County,26465
NA,22123,West Carroll County,10830
NA,22125,West Feliciana County,15568
NA,22127,Winn County,13904
NA,23001,Androscoggin County,108277
NA,23003,Aroostook County,67055
NA,23005,Cumberland County,295003
NA,23007,Franklin County,30199
NA,23009,Hancock County,54987
NA,23011,Kennebec County,122302
NA,23013,Knox County,39772
NA,23015,Lincoln County,34634
NA,23017,Oxford County,57975
NA,23019,Penobscot County,152148
NA,23021,Piscataquis County,16785
NA,23023,Sagadahoc County,35856
NA,23025,Somerset County,50484
NA,23027,Waldo County,39715
NA,23029,Washington County,31379
NA,23031,York County,207641
NA,24001,Allegany County,70416
NA,24003,Anne Arundel County,579234
NA,24005,Baltimore County,827370
NA,24009,Calvert County,92525
NA,24011,Caroline County,33406
NA,24013,Carroll County,168447
NA,24015,Cecil County,102855
NA,24017,Charles County,163257
NA,24019,Dorchester County,31929
NA,24021,Frederick County,259547
NA,24023,Garrett County,29014
NA,24025,Harford County,255441
NA,24027,Howard County,325690
NA,24029,Kent County,19422
NA,24031,Montgomery County,1050688
NA,24033,Prince George's County,909327
NA,24035,Queen Anne's County,50381
NA,24037,St. Mary's County,113510
NA,24039,Somerset County,25616
NA,24041,Talbot County,37181
NA,24043,Washington County,151049
NA,24045,Wicomico County,103609
NA,24047,Worcester County,52276
NA,24510,Baltimore City County,593490
NA,25001,Barnstable County,212990
NA,25003,Berkshire County,124944
NA,25005,Bristol County,565217
NA,25007,Dukes County,17332
NA,25009,Essex County,789034
NA,25011,Franklin County,70180
NA,25013,Hampden County,466372
NA,25015,Hampshire County,160830
NA,25017,Middlesex County,1611699
NA,25019,Nantucket County,11399
NA,25021,Norfolk County,706775
NA,25023,Plymouth County,521202
NA,25025,Suffolk County,803907
NA,25027,Worcester County,830622
NA,26001,Alcona County,10405
NA,26003,Alger County,9108
NA,26005,Allegan County,118081
NA,26007,Alpena County,28405
NA,26009,Antrim County,23324
NA,26011,Arenac County,14883
NA,26013,Baraga County,8209
NA,26015,Barry County,61550
NA,26017,Bay County,103126
NA,26019,Benzie County,17766
NA,26021,Berrien County,153401
NA,26023,Branch County,43517
NA,26025,Calhoun County,134159
NA,26027,Cass County,51787
NA,26029,Charlevoix County,26143
NA,26031,Cheboygan County,25276
NA,26033,Chippewa County,37349
NA,26035,Clare County,30950
NA,26037,Clinton County,79595
NA,26039,Crawford County,14029
NA,26041,Delta County,35784
NA,26043,Dickinson County,25239
NA,26045,Eaton County,110268
NA,26047,Emmet County,33415
NA,26049,Genesee County,405813
NA,26051,Gladwin County,25449
NA,26053,Gogebic County,13975
NA,26055,Grand Traverse County,93088
NA,26057,Gratiot County,40711
NA,26059,Hillsdale County,45605
NA,26061,Houghton County,35684
NA,26063,Huron County,30981
NA,26065,Ingham County,292406
NA,26067,Ionia County,64697
NA,26069,Iosco County,25127
NA,26071,Iron County,11066
NA,26073,Isabella County,69872
NA,26075,Jackson County,158510
NA,26077,Kalamazoo County,265066
NA,26079,Kalkaska County,18038
NA,26081,Kent County,656955
NA,26083,Keweenaw County,2116
NA,26085,Lake County,11853
NA,26087,Lapeer County,87607
NA,26089,Leelanau County,21761
NA,26091,Lenawee County,98451
NA,26093,Livingston County,191995
NA,26095,Luce County,6229
NA,26097,Mackinac County,10799
NA,26099,Macomb County,873972
NA,26101,Manistee County,24558
NA,26103,Marquette County,66699
NA,26105,Mason County,29144
NA,26107,Mecosta County,43453
NA,26109,Menominee County,22780
NA,26111,Midland County,83156
NA,26113,Missaukee County,15118
NA,26115,Monroe County,150500
NA,26117,Montcalm County,63888
NA,26119,Montmorency County,9328
NA,26121,Muskegon County,173566
NA,26123,Newaygo County,48980
NA,26125,Oakland County,1257584
NA,26127,Oceana County,26467
NA,26129,Ogemaw County,20997
NA,26131,Ontonagon County,5720
NA,26133,Osceola County,23460
NA,26135,Oscoda County,8241
NA,26137,Otsego County,24668
NA,26139,Ottawa County,291830
NA,26141,Presque Isle County,12592
NA,26143,Roscommon County,24019
NA,26145,Saginaw County,190539
NA,26147,St. Clair County,159128
NA,26149,St. Joseph County,60964
NA,26151,Sanilac County,41170
NA,26153,Schoolcraft County,8094
NA,26155,Shiawassee County,68122
NA,26157,Tuscola County,52245
NA,26159,Van Buren County,75677
NA,26161,Washtenaw County,367601
NA,26163,Wayne County,1749343
NA,26165,Wexford County,33631
NA,27001,Aitkin County,15886
NA,27003,Anoka County,356921
NA,27005,Becker County,34423
NA,27007,Beltrami County,47188
NA,27009,Benton County,40889
NA,27011,Big Stone County,4991
NA,27013,Blue Earth County,67653
NA,27015,Brown County,25008
NA,27017,Carlton County,35871
NA,27019,Carver County,105089
NA,27021,Cass County,29779
NA,27023,Chippewa County,11800
NA,27025,Chisago County,56579
NA,27027,Clay County,64222
NA,27029,Clearwater County,8818
NA,27031,Cook County,5463
NA,27033,Cottonwood County,11196
NA,27035,Crow Wing County,65055
NA,27037,Dakota County,429021
NA,27039,Dodge County,20934
NA,27041,Douglas County,38141
NA,27043,Faribault County,13653
NA,27045,Fillmore County,21067
NA,27047,Freeborn County,30281
NA,27049,Goodhue County,46340
NA,27051,Grant County,5972
NA,27053,Hennepin County,1265843
NA,27055,Houston County,18600
NA,27057,Hubbard County,21491
NA,27059,Isanti County,40596
NA,27061,Itasca County,45130
NA,27063,Jackson County,9846
NA,27065,Kanabec County,16337
NA,27067,Kandiyohi County,43199
NA,27069,Kittson County,4298
NA,27071,Koochiching County,12229
NA,27073,Lac qui Parle County,6623
NA,27075,Lake County,10641
NA,27077,Lake of the Woods County,3740
NA,27079,Le Sueur County,28887
NA,27081,Lincoln County,5639
NA,27083,Lyon County,25474
NA,27085,McLeod County,35893
NA,27087,Mahnomen County,5527
NA,27089,Marshall County,9336
NA,27091,Martin County,19683
NA,27093,Meeker County,23222
NA,27095,Mille Lacs County,26277
NA,27097,Morrison County,33386
NA,27099,Mower County,40062
NA,27101,Murray County,8194
NA,27103,Nicollet County,34274
NA,27105,Nobles County,21629
NA,27107,Norman County,6375
NA,27109,Olmsted County,158293
NA,27111,Otter Tail County,58746
NA,27113,Pennington County,14119
NA,27115,Pine County,29579
NA,27117,Pipestone County,9126
NA,27119,Polk County,31364
NA,27121,Pope County,11249
NA,27123,Ramsey County,550321
NA,27125,Red Lake County,4055
NA,27127,Redwood County,15170
NA,27129,Renville County,14548
NA,27131,Rice County,66972
NA,27133,Rock County,9315
NA,27135,Roseau County,15165
NA,27137,St. Louis County,199070
NA,27139,Scott County,149013
NA,27141,Sherburne County,97238
NA,27143,Sibley County,14865
NA,27145,Stearns County,161075
NA,27147,Steele County,36649
NA,27149,Stevens County,9805
NA,27151,Swift County,9266
NA,27153,Todd County,24664
NA,27155,Traverse County,3259
NA,27157,Wabasha County,21627
NA,27159,Wadena County,13682
NA,27161,Waseca County,18612
NA,27163,Washington County,262440
NA,27165,Watonwan County,10897
NA,27167,Wilkin County,6207
NA,27169,Winona County,50484
NA,27171,Wright County,138377
NA,27173,Yellow Medicine County,9709
NA,28001,Adams County,30693
NA,28003,Alcorn County,36953
NA,28005,Amite County,12297
NA,28007,Attala County,18174
NA,28009,Benton County,8259
NA,28011,Bolivar County,30628
NA,28013,Calhoun County,14361
NA,28015,Carroll County,9947
NA,28017,Chickasaw County,17103
NA,28019,Choctaw County,8210
NA,28021,Claiborne County,8988
NA,28023,Clarke County,15541
NA,28025,Clay County,19316
NA,28027,Coahoma County,22124
NA,28029,Copiah County,28065
NA,28031,Covington County,18636
NA,28033,DeSoto County,184945
NA,28035,Forrest County,74897
NA,28037,Franklin County,7713
NA,28039,George County,24500
NA,28041,Greene County,13586
NA,28043,Grenada County,20758
NA,28045,Hancock County,47632
NA,28047,Harrison County,208080
NA,28049,Hinds County,231840
NA,28051,Holmes County,17010
NA,28053,Humphreys County,8064
NA,28055,Issaquena County,1327
NA,28057,Itawamba County,23390
NA,28059,Jackson County,143617
NA,28061,Jasper County,16383
NA,28063,Jefferson County,6990
NA,28065,Jefferson Davis County,11128
NA,28067,Jones County,68098
NA,28069,Kemper County,9742
NA,28071,Lafayette County,54019
NA,28073,Lamar County,63343
NA,28075,Lauderdale County,74125
NA,28077,Lawrence County,12586
NA,28079,Leake County,22786
NA,28081,Lee County,85436
NA,28083,Leflore County,28183
NA,28085,Lincoln County,34153
NA,28087,Lowndes County,58595
NA,28089,Madison County,106272
NA,28091,Marion County,24573
NA,28093,Marshall County,35294
NA,28095,Monroe County,35252
NA,28097,Montgomery County,9775
NA,28099,Neshoba County,29118
NA,28101,Newton County,21018
NA,28103,Noxubee County,10417
NA,28105,Oktibbeha County,49587
NA,28107,Panola County,34192
NA,28109,Pearl River County,55535
NA,28111,Perry County,11973
NA,28113,Pike County,39288
NA,28115,Pontotoc County,32174
NA,28117,Prentiss County,25126
NA,28119,Quitman County,6792
NA,28121,Rankin County,155271
NA,28123,Scott County,28124
NA,28125,Sharkey County,4321
NA,28127,Simpson County,26658
NA,28129,Smith County,15916
NA,28131,Stone County,18336
NA,28133,Sunflower County,25110
NA,28135,Tallahatchie County,13809
NA,28137,Tate County,28321
NA,28139,Tippah County,22015
NA,28141,Tishomingo County,19383
NA,28143,Tunica County,9632
NA,28145,Union County,28815
NA,28147,Walthall County,14286
NA,28149,Warren County,45381
NA,28151,Washington County,43909
NA,28153,Wayne County,20183
NA,28155,Webster County,9689
NA,28157,Wilkinson County,8630
NA,28159,Winston County,17955
NA,28161,Yalobusha County,12108
NA,28163,Yazoo County,29690
NA,29001,Adair County,25343
NA,29003,Andrew County,17712
NA,29005,Atchison County,5143
NA,29007,Audrain County,25388
NA,29009,Barry County,35789
NA,29011,Barton County,11754
NA,29013,Bates County,16172
NA,29015,Benton County,19443
NA,29017,Bollinger County,12133
NA,29019,Boone County,180463
NA,29021,Buchanan County,87364
NA,29023,Butler County,42478
NA,29025,Caldwell County,9020
NA,29027,Callaway County,44743
NA,29029,Camden County,46305
NA,29031,Cape Girardeau County,78871
NA,29033,Carroll County,8679
NA,29035,Carter County,5982
NA,29037,Cass County,105780
NA,29039,Cedar County,14349
NA,29041,Chariton County,7426
NA,29043,Christian County,88595
NA,29045,Clark County,6797
NA,29047,Clay County,249948
NA,29049,Clinton County,20387
NA,29051,Cole County,76745
NA,29053,Cooper County,17709
NA,29055,Crawford County,23920
NA,29057,Dade County,7561
NA,29059,Dallas County,16878
NA,29061,Daviess County,8278
NA,29063,DeKalb County,12547
NA,29065,Dent County,15573
NA,29067,Douglas County,13185
NA,29069,Dunklin County,29131
NA,29071,Franklin County,103967
NA,29073,Gasconade County,14706
NA,29075,Gentry County,6571
NA,29077,Greene County,293086
NA,29079,Grundy County,9850
NA,29081,Harrison County,8352
NA,29083,Henry County,21824
NA,29085,Hickory County,9544
NA,29087,Holt County,4403
NA,29089,Howard County,10001
NA,29091,Howell County,40117
NA,29093,Iron County,10125
NA,29095,Jackson County,703011
NA,29097,Jasper County,121328
NA,29099,Jefferson County,225081
NA,29101,Johnson County,54062
NA,29103,Knox County,3959
NA,29105,Laclede County,35723
NA,29107,Lafayette County,32708
NA,29109,Lawrence County,38355
NA,29111,Lewis County,9776
NA,29113,Lincoln County,59013
NA,29115,Linn County,11920
NA,29117,Livingston County,15227
NA,29119,McDonald County,22837
NA,29121,Macon County,15117
NA,29123,Madison County,12088
NA,29125,Maries County,8697
NA,29127,Marion County,28530
NA,29129,Mercer County,3617
NA,29131,Miller County,25619
NA,29133,Mississippi County,13180
NA,29135,Moniteau County,16132
NA,29137,Monroe County,8644
NA,29139,Montgomery County,11551
NA,29141,Morgan County,20627
NA,29143,New Madrid County,17076
NA,29145,Newton County,58236
NA,29147,Nodaway County,22092
NA,29149,Oregon County,10529
NA,29151,Osage County,13615
NA,29153,Ozark County,9174
NA,29155,Pemiscot County,15805
NA,29157,Perry County,19136
NA,29159,Pettis County,42339
NA,29161,Phelps County,44573
NA,29163,Pike County,18302
NA,29165,Platte County,104418
NA,29167,Polk County,32149
NA,29169,Pulaski County,52607
NA,29171,Putnam County,4696
NA,29173,Ralls County,10309
NA,29175,Randolph County,24748
NA,29177,Ray County,23018
NA,29179,Reynolds County,6270
NA,29181,Ripley County,13288
NA,29183,St. Charles County,402022
NA,29185,St. Clair County,9397
NA,29186,Ste. Genevieve County,17894
NA,29187,St. Francois County,67215
NA,29189,St. Louis County,994205
NA,29195,Saline County,22761
NA,29197,Schuyler County,4660
NA,29199,Scotland County,4902
NA,29201,Scott County,38280
NA,29203,Shannon County,8166
NA,29205,Shelby County,5930
NA,29207,Stoddard County,29025
NA,29209,Stone County,31952
NA,29211,Sullivan County,6089
NA,29213,Taney County,55928
NA,29215,Texas County,25398
NA,29217,Vernon County,20563
NA,29219,Warren County,35649
NA,29221,Washington County,24730
NA,29223,Wayne County,12873
NA,29225,Webster County,39592
NA,29227,Worth County,2013
NA,29229,Wright County,18289
NA,29510,St. Louis City County,300576
NA,30001,Beaverhead County,9453
NA,30003,Big Horn County,13319
NA,30005,Blaine County,6681
NA,30007,Broadwater County,6237
NA,30009,Carbon County,10725
NA,30011,Carter County,1252
NA,30013,Cascade County,81366
NA,30015,Chouteau County,5635
NA,30017,Custer County,11402
NA,30019,Daniels County,1690
NA,30021,Dawson County,8613
NA,30023,Deer Lodge County,9140
NA,30025,Fallon County,2846
NA,30027,Fergus County,11050
NA,30029,Flathead County,103806
NA,30031,Gallatin County,114434
NA,30033,Garfield County,1258
NA,30035,Glacier County,13753
NA,30037,Golden Valley County,821
NA,30039,Granite County,3379
NA,30041,Hill County,16484
NA,30043,Jefferson County,12221
NA,30045,Judith Basin County,2007
NA,30047,Lake County,30458
NA,30049,Lewis and Clark County,69432
NA,30051,Liberty County,2337
NA,30053,Lincoln County,19980
NA,30055,McCone County,1664
NA,30057,Madison County,8600
NA,30059,Meagher County,1862
NA,30061,Mineral County,4397
NA,30063,Missoula County,119600
NA,30065,Musselshell County,4633
NA,30067,Park County,16606
NA,30069,Petroleum County,487
NA,30071,Phillips County,3954
NA,30073,Pondera County,5911
NA,30075,Powder River County,1682
NA,30077,Powell County,6890
NA,30079,Prairie County,1077
NA,30081,Ravalli County,43806
NA,30083,Richland County,10803
NA,30085,Roosevelt County,11004
NA,30087,Rosebud County,8937
NA,30089,Sanders County,12113
NA,30091,Sheridan County,3309
NA,30093,Silver Bow County,34915
NA,30095,Stillwater County,9642
NA,30097,Sweet Grass County,3737
NA,30099,Teton County,6147
NA,30101,Toole County,4736
NA,30103,Treasure County,696
NA,30105,Valley County,7396
NA,30107,Wheatland County,2126
NA,30109,Wibaux County,969
NA,30111,Yellowstone County,161300
NA,31001,Adams County,31363
NA,31003,Antelope County,6298
NA,31005,Arthur County,463
NA,31007,Banner County,745
NA,31009,Blaine County,465
NA,31011,Boone County,5192
NA,31013,Box Butte County,10783
NA,31015,Boyd County,1919
NA,31017,Brown County,2955
NA,31019,Buffalo County,49659
NA,31021,Burt County,6459
NA,31023,Butler County,8016
NA,31025,Cass County,26248
NA,31027,Cedar County,8402
NA,31029,Chase County,3924
NA,31031,Cherry County,5689
NA,31033,Cheyenne County,8910
NA,31035,Clay County,6203
NA,31037,Colfax County,10709
NA,31039,Cuming County,8846
NA,31041,Custer County,10777
NA,31043,Dakota County,20026
NA,31045,Dawes County,8589
NA,31047,Dawson County,23595
NA,31049,Deuel County,1794
NA,31051,Dixon County,5636
NA,31053,Dodge County,36565
NA,31055,Douglas County,571327
NA,31057,Dundy County,1693
NA,31059,Fillmore County,5462
NA,31061,Franklin County,2979
NA,31063,Frontier County,2627
NA,31065,Furnas County,4676
NA,31067,Gage County,21513
NA,31069,Garden County,1837
NA,31071,Garfield County,1969
NA,31073,Gosper County,1990
NA,31075,Grant County,623
NA,31077,Greeley County,2356
NA,31079,Hall County,61353
NA,31081,Hamilton County,9324
NA,31083,Harlan County,3380
NA,31085,Hayes County,922
NA,31087,Hitchcock County,2762
NA,31089,Holt County,10067
NA,31091,Hooker County,682
NA,31093,Howard County,6445
NA,31095,Jefferson County,7046
NA,31097,Johnson County,5071
NA,31099,Kearney County,6495
NA,31101,Keith County,8034
NA,31103,Keya Paha County,806
NA,31105,Kimball County,3632
NA,31107,Knox County,8332
NA,31109,Lancaster County,319090
NA,31111,Lincoln County,34914
NA,31113,Logan County,748
NA,31115,Loup County,664
NA,31117,McPherson County,494
NA,31119,Madison County,35099
NA,31121,Merrick County,7755
NA,31123,Morrill County,4642
NA,31125,Nance County,3519
NA,31127,Nemaha County,6972
NA,31129,Nuckolls County,4148
NA,31131,Otoe County,16012
NA,31133,Pawnee County,2613
NA,31135,Perkins County,2891
NA,31137,Phelps County,9034
NA,31139,Pierce County,7148
NA,31141,Platte County,33470
NA,31143,Polk County,5213
NA,31145,Red Willow County,10724
NA,31147,Richardson County,7865
NA,31149,Rock County,1357
NA,31151,Saline County,14224
NA,31153,Sarpy County,187196
NA,31155,Saunders County,21578
NA,31157,Scotts Bluff County,35618
NA,31159,Seward County,17284
NA,31161,Sheridan County,5246
NA,31163,Sherman County,3001
NA,31165,Sioux County,1166
NA,31167,Stanton County,5920
NA,31169,Thayer County,5003
NA,31171,Thomas County,722
NA,31173,Thurston County,7224
NA,31175,Valley County,4158
NA,31177,Washington County,20729
NA,31179,Wayne County,9385
NA,31181,Webster County,3487
NA,31183,Wheeler County,783
NA,31185,York County,13679
NA,32001,Churchill County,24909
NA,32003,Clark County,2266715
NA,32005,Douglas County,48905
NA,32007,Elko County,52778
NA,32009,Esmeralda County,873
NA,32011,Eureka County,2029
NA,32013,Humboldt County,16831
NA,32015,Lander County,5532
NA,32017,Lincoln County,5183
NA,32019,Lyon County,57510
NA,32021,Mineral County,4505
NA,32023,Nye County,46523
NA,32027,Pershing County,6725
NA,32029,Storey County,4123
NA,32031,Washoe County,471519
NA,32033,White Pine County,9580
NA,32510,Carson City County,55916
NA,33001,Belknap County,61303
NA,33003,Carroll County,48910
NA,33005,Cheshire County,76085
NA,33007,Coos County,31563
NA,33009,Grafton County,89886
NA,33011,Hillsborough County,417025
NA,33013,Merrimack County,151391
NA,33015,Rockingham County,309769
NA,33017,Strafford County,130633
NA,33019,Sullivan County,43146
NA,34001,Atlantic County,263670
NA,34003,Bergen County,932202
NA,34005,Burlington County,445349
NA,34007,Camden County,506471
NA,34009,Cape May County,92039
NA,34011,Cumberland County,149527
NA,34013,Essex County,798975
NA,34015,Gloucester County,291636
NA,34017,Hudson County,672391
NA,34019,Hunterdon County,124371
NA,34021,Mercer County,367430
NA,34023,Middlesex County,825062
NA,34025,Monmouth County,618795
NA,34027,Morris County,491845
NA,34029,Ocean County,607186
NA,34031,Passaic County,501826
NA,34033,Salem County,62385
NA,34035,Somerset County,328934
NA,34037,Sussex County,140488
NA,34039,Union County,556341
NA,34041,Warren County,105267
NA,35001,Bernalillo County,679121
NA,35003,Catron County,3527
NA,35005,Chaves County,64615
NA,35006,Cibola County,26675
NA,35007,Colfax County,11941
NA,35009,Curry County,48954
NA,35011,De Baca County,1748
NA,35013,Dona Ana County,218195
NA,35015,Eddy County,58460
NA,35017,Grant County,26998
NA,35019,Guadalupe County,4300
NA,35021,Harding County,625
NA,35023,Hidalgo County,4198
NA,35025,Lea County,71070
NA,35027,Lincoln County,19572
NA,35028,Los Alamos County,19369
NA,35029,Luna County,23709
NA,35031,McKinley County,71367
NA,35033,Mora County,4521
NA,35035,Otero County,67490
NA,35037,Quay County,8253
NA,35039,Rio Arriba County,38921
NA,35041,Roosevelt County,18500
NA,35043,Sandoval County,146748
NA,35045,San Juan County,123958
NA,35047,San Miguel County,27277
NA,35049,Santa Fe County,150358
NA,35051,Sierra County,10791
NA,35053,Socorro County,16637
NA,35055,Taos County,32723
NA,35057,Torrance County,15461
NA,35059,Union County,4059
NA,35061,Valencia County,76688
NA,36001,Albany County,305506
NA,36003,Allegany County,46091
NA,36005,Bronx County,1418207
NA,36007,Broome County,190488
NA,36009,Cattaraugus County,76117
NA,36011,Cayuga County,76576
NA,36013,Chautauqua County,126903
NA,36015,Chemung County,83456
NA,36017,Chenango County,47207
NA,36019,Clinton County,80485
NA,36021,Columbia County,59461
NA,36023,Cortland County,47581
NA,36025,Delaware County,44135
NA,36027,Dutchess County,294218
NA,36029,Erie County,918702
NA,36031,Essex County,36885
NA,36033,Franklin County,50022
NA,36035,Fulton County,53383
NA,36037,Genesee County,57280
NA,36039,Greene County,47188
NA,36041,Hamilton County,4416
NA,36043,Herkimer County,61319
NA,36045,Jefferson County,109834
NA,36047,Kings County,2559903
NA,36049,Lewis County,26296
NA,36051,Livingston County,62914
NA,36053,Madison County,70941
NA,36055,Monroe County,741770
NA,36057,Montgomery County,49221
NA,36059,Nassau County,1356924
NA,36061,New York City County,1628706
NA,36063,Niagara County,209281
NA,36065,Oneida County,228671
NA,36067,Onondaga County,460528
NA,36069,Ontario County,109777
NA,36071,Orange County,384940
NA,36073,Orleans County,40352
NA,36075,Oswego County,117124
NA,36077,Otsego County,59493
NA,36079,Putnam County,98320
NA,36081,Queens County,2253858
NA,36083,Rensselaer County,158714
NA,36085,Richmond County,476143
NA,36087,Rockland County,325789
NA,36089,St. Lawrence County,107740
NA,36091,Saratoga County,229863
NA,36093,Schenectady County,155299
NA,36095,Schoharie County,30999
NA,36097,Schuyler County,17807
NA,36099,Seneca County,34016
NA,36101,Steuben County,95379
NA,36103,Suffolk County,1476601
NA,36105,Sullivan County,75432
NA,36107,Tioga County,48203
NA,36109,Tompkins County,102180
NA,36111,Ulster County,177573
NA,36113,Warren County,63944
NA,36115,Washington County,61204
NA,36117,Wayne County,89918
NA,36119,Westchester County,967506
NA,36121,Wyoming County,39859
NA,36123,Yates County,24913
NA,37001,Alamance County,169509
NA,37003,Alexander County,37497
NA,37005,Alleghany County,11137
NA,37007,Anson County,24446
NA,37009,Ashe County,27203
NA,37011,Avery County,17557
NA,37013,Beaufort County,46994
NA,37015,Bertie County,18947
NA,37017,Bladen County,32722
NA,37019,Brunswick County,142820
NA,37021,Buncombe County,261191
NA,37023,Burke County,90485
NA,37025,Cabarrus County,216453
NA,37027,Caldwell County,82178
NA,37029,Camden County,10867
NA,37031,Carteret County,69473
NA,37033,Caswell County,22604
NA,37035,Catawba County,159551
NA,37037,Chatham County,74470
NA,37039,Cherokee County,28612
NA,37041,Chowan County,13943
NA,37043,Clay County,11231
NA,37045,Cleveland County,97947
NA,37047,Columbus County,55508
NA,37049,Craven County,102139
NA,37051,Cumberland County,335509
NA,37053,Currituck County,27763
NA,37055,Dare County,37009
NA,37057,Davidson County,167609
NA,37059,Davie County,42846
NA,37061,Duplin County,58741
NA,37063,Durham County,321488
NA,37065,Edgecombe County,51472
NA,37067,Forsyth County,382295
NA,37069,Franklin County,69685
NA,37071,Gaston County,224529
NA,37073,Gates County,11562
NA,37075,Graham County,8441
NA,37077,Granville County,60443
NA,37079,Greene County,21069
NA,37081,Guilford County,537174
NA,37083,Halifax County,50010
NA,37085,Harnett County,135976
NA,37087,Haywood County,62317
NA,37089,Henderson County,117417
NA,37091,Hertford County,23677
NA,37093,Hoke County,55234
NA,37095,Hyde County,4937
NA,37097,Iredell County,181806
NA,37099,Jackson County,43938
NA,37101,Johnston County,209339
NA,37103,Jones County,9419
NA,37105,Lee County,61779
NA,37107,Lenoir County,55949
NA,37109,Lincoln County,86111
NA,37111,McDowell County,45756
NA,37113,Macon County,35858
NA,37115,Madison County,21755
NA,37117,Martin County,22440
NA,37119,Mecklenburg County,1110356
NA,37121,Mitchell County,14964
NA,37123,Montgomery County,27173
NA,37125,Moore County,100880
NA,37127,Nash County,94298
NA,37129,New Hanover County,234473
NA,37131,Northampton County,19483
NA,37133,Onslow County,197938
NA,37135,Orange County,148476
NA,37137,Pamlico County,12726
NA,37139,Pasquotank County,39824
NA,37141,Pender County,63060
NA,37143,Perquimans County,13463
NA,37145,Person County,39490
NA,37147,Pitt County,180742
NA,37149,Polk County,20724
NA,37151,Randolph County,143667
NA,37153,Richmond County,44829
NA,37155,Robeson County,130625
NA,37157,Rockingham County,91010
NA,37159,Rowan County,142088
NA,37161,Rutherford County,67029
NA,37163,Sampson County,63531
NA,37165,Scotland County,34823
NA,37167,Stanly County,62806
NA,37169,Stokes County,45591
NA,37171,Surry County,71783
NA,37173,Swain County,14271
NA,37175,Transylvania County,34385
NA,37177,Tyrrell County,4016
NA,37179,Union County,239859
NA,37181,Vance County,44535
NA,37183,Wake County,1111761
NA,37185,Warren County,19731
NA,37187,Washington County,11580
NA,37189,Watauga County,56177
NA,37191,Wayne County,123131
NA,37193,Wilkes County,68412
NA,37195,Wilson County,81801
NA,37197,Yadkin County,37667
NA,37199,Yancey County,18069
NA,38001,Adams County,2216
NA,38003,Barnes County,10415
NA,38005,Benson County,6832
NA,38007,Billings County,928
NA,38009,Bottineau County,6282
NA,38011,Bowman County,3024
NA,38013,Burke County,2115
NA,38015,Burleigh County,95626
NA,38017,Cass County,181923
NA,38019,Cavalier County,3762
NA,38021,Dickey County,4872
NA,38023,Divide County,2264
NA,38025,Dunn County,4424
NA,38027,Eddy County,2287
NA,38029,Emmons County,3241
NA,38031,Foster County,3210
NA,38033,Golden Valley County,1761
NA,38035,Grand Forks County,69451
NA,38037,Grant County,2274
NA,38039,Griggs County,2231
NA,38041,Hettinger County,2499
NA,38043,Kidder County,2480
NA,38045,LaMoure County,4046
NA,38047,Logan County,1850
NA,38049,McHenry County,5745
NA,38051,McIntosh County,2497
NA,38053,McKenzie County,15024
NA,38055,McLean County,9450
NA,38057,Mercer County,8187
NA,38059,Morton County,31364
NA,38061,Mountrail County,10545
NA,38063,Nelson County,2879
NA,38065,Oliver County,1959
NA,38067,Pembina County,6801
NA,38069,Pierce County,3975
NA,38071,Ramsey County,11519
NA,38073,Ransom County,5218
NA,38075,Renville County,2327
NA,38077,Richland County,16177
NA,38079,Rolette County,14176
NA,38081,Sargent County,3898
NA,38083,Sheridan County,1315
NA,38085,Sioux County,4230
NA,38087,Slope County,750
NA,38089,Stark County,31489
NA,38091,Steele County,1890
NA,38093,Stutsman County,20704
NA,38095,Towner County,2189
NA,38097,Traill County,8036
NA,38099,Walsh County,10641
NA,38101,Ward County,67641
NA,38103,Wells County,3834
NA,38105,Williams County,37589
NA,39001,Adams County,27698
NA,39003,Allen County,102351
NA,39005,Ashland County,53484
NA,39007,Ashtabula County,97241
NA,39009,Athens County,65327
NA,39011,Auglaize County,45656
NA,39013,Belmont County,67006
NA,39015,Brown County,43432
NA,39017,Butler County,383134
NA,39019,Carroll County,26914
NA,39021,Champaign County,38885
NA,39023,Clark County,134083
NA,39025,Clermont County,206428
NA,39027,Clinton County,41968
NA,39029,Columbiana County,101883
NA,39031,Coshocton County,36600
NA,39033,Crawford County,41494
NA,39035,Cuyahoga County,1235072
NA,39037,Darke County,51113
NA,39039,Defiance County,38087
NA,39041,Delaware County,209177
NA,39043,Erie County,74266
NA,39045,Fairfield County,157574
NA,39047,Fayette County,28525
NA,39049,Franklin County,1316756
NA,39051,Fulton County,42126
NA,39053,Gallia County,29898
NA,39055,Geauga County,93649
NA,39057,Greene County,168937
NA,39059,Guernsey County,38875
NA,39061,Hamilton County,817473
NA,39063,Hancock County,75783
NA,39065,Hardin County,31365
NA,39067,Harrison County,15040
NA,39069,Henry County,27006
NA,39071,Highland County,43161
NA,39073,Hocking County,28264
NA,39075,Holmes County,43960
NA,39077,Huron County,58266
NA,39079,Jackson County,32413
NA,39081,Jefferson County,65325
NA,39083,Knox County,62322
NA,39085,Lake County,230149
NA,39087,Lawrence County,59463
NA,39089,Licking County,176862
NA,39091,Logan County,45672
NA,39093,Lorain County,309833
NA,39095,Lucas County,428348
NA,39097,Madison County,44731
NA,39099,Mahoning County,228683
NA,39101,Marion County,65093
NA,39103,Medina County,179746
NA,39105,Meigs County,22907
NA,39107,Mercer County,41172
NA,39109,Miami County,106987
NA,39111,Monroe County,13654
NA,39113,Montgomery County,531687
NA,39115,Morgan County,14508
NA,39117,Morrow County,35328
NA,39119,Muskingum County,86215
NA,39121,Noble County,14424
NA,39123,Ottawa County,40525
NA,39125,Paulding County,18672
NA,39127,Perry County,36134
NA,39129,Pickaway County,58457
NA,39131,Pike County,27772
NA,39133,Portage County,162466
NA,39135,Preble County,40882
NA,39137,Putnam County,33861
NA,39139,Richland County,121154
NA,39141,Ross County,76666
NA,39143,Sandusky County,58518
NA,39145,Scioto County,75314
NA,39147,Seneca County,55178
NA,39149,Shelby County,48590
NA,39151,Stark County,370606
NA,39153,Summit County,541013
NA,39155,Trumbull County,197974
NA,39157,Tuscarawas County,91987
NA,39159,Union County,58988
NA,39161,Van Wert County,28275
NA,39163,Vinton County,13085
NA,39165,Warren County,234602
NA,39167,Washington County,59911
NA,39169,Wayne County,115710
NA,39171,Williams County,36692
NA,39173,Wood County,130817
NA,39175,Wyandot County,21772
NA,40001,Adair County,22194
NA,40003,Alfalfa County,5702
NA,40005,Atoka County,13758
NA,40007,Beaver County,5311
NA,40009,Beckham County,21859
NA,40011,Blaine County,9429
NA,40013,Bryan County,47995
NA,40015,Caddo County,28762
NA,40017,Canadian County,148306
NA,40019,Carter County,48111
NA,40021,Cherokee County,48657
NA,40023,Choctaw County,14672
NA,40025,Cimarron County,2137
NA,40027,Cleveland County,284014
NA,40029,Coal County,5495
NA,40031,Comanche County,120749
NA,40033,Cotton County,5666
NA,40035,Craig County,14142
NA,40037,Creek County,71522
NA,40039,Custer County,29003
NA,40041,Delaware County,43009
NA,40043,Dewey County,4891
NA,40045,Ellis County,3859
NA,40047,Garfield County,61056
NA,40049,Garvin County,27711
NA,40051,Grady County,55834
NA,40053,Grant County,4333
NA,40055,Greer County,5712
NA,40057,Harmon County,2653
NA,40059,Harper County,3688
NA,40061,Haskell County,12627
NA,40063,Hughes County,13279
NA,40065,Jackson County,24530
NA,40067,Jefferson County,6002
NA,40069,Johnston County,11085
NA,40071,Kay County,43538
NA,40073,Kingfisher County,15765
NA,40075,Kiowa County,8708
NA,40077,Latimer County,10073
NA,40079,Le Flore County,49853
NA,40081,Lincoln County,34877
NA,40083,Logan County,48011
NA,40085,Love County,10253
NA,40087,McClain County,40474
NA,40089,McCurtain County,32832
NA,40091,McIntosh County,19596
NA,40093,Major County,7629
NA,40095,Marshall County,16931
NA,40097,Mayes County,41100
NA,40099,Murray County,14073
NA,40101,Muskogee County,67997
NA,40103,Noble County,11131
NA,40105,Nowata County,10076
NA,40107,Okfuskee County,11993
NA,40109,Oklahoma County,797434
NA,40111,Okmulgee County,38465
NA,40113,Osage County,46963
NA,40115,Ottawa County,31127
NA,40117,Pawnee County,16376
NA,40119,Payne County,81784
NA,40121,Pittsburg County,43654
NA,40123,Pontotoc County,38284
NA,40125,Pottawatomie County,72592
NA,40127,Pushmataha County,11096
NA,40129,Roger Mills County,3583
NA,40131,Rogers County,92459
NA,40133,Seminole County,24258
NA,40135,Sequoyah County,41569
NA,40137,Stephens County,43143
NA,40139,Texas County,19983
NA,40141,Tillman County,7250
NA,40143,Tulsa County,651552
NA,40145,Wagoner County,81289
NA,40147,Washington County,51527
NA,40149,Washita County,10916
NA,40151,Woods County,8793
NA,40153,Woodward County,20211
NA,41001,Baker County,16124
NA,41003,Benton County,93053
NA,41005,Clackamas County,418187
NA,41007,Clatsop County,40224
NA,41009,Columbia County,52354
NA,41011,Coos County,64487
NA,41013,Crook County,24404
NA,41015,Curry County,22925
NA,41017,Deschutes County,197692
NA,41019,Douglas County,110980
NA,41021,Gilliam County,1912
NA,41023,Grant County,7199
NA,41025,Harney County,7393
NA,41027,Hood River County,23382
NA,41029,Jackson County,220944
NA,41031,Jefferson County,24658
NA,41033,Josephine County,87487
NA,41035,Klamath County,68238
NA,41037,Lake County,7869
NA,41039,Lane County,382067
NA,41041,Lincoln County,49962
NA,41043,Linn County,129749
NA,41045,Malheur County,30571
NA,41047,Marion County,347818
NA,41049,Morrow County,11603
NA,41051,Multnomah County,812855
NA,41053,Polk County,86085
NA,41055,Sherman County,1780
NA,41057,Tillamook County,27036
NA,41059,Umatilla County,77950
NA,41061,Union County,26835
NA,41063,Wallowa County,7208
NA,41065,Wasco County,26682
NA,41067,Washington County,601592
NA,41069,Wheeler County,1332
NA,41071,Yamhill County,107100
NA,42001,Adams County,103009
NA,42003,Allegheny County,1216045
NA,42005,Armstrong County,64735
NA,42007,Beaver County,163929
NA,42009,Bedford County,47888
NA,42011,Berks County,421164
NA,42013,Blair County,121829
NA,42015,Bradford County,60323
NA,42017,Bucks County,628270
NA,42019,Butler County,187853
NA,42021,Cambria County,130192
NA,42023,Cameron County,4447
NA,42025,Carbon County,64182
NA,42027,Centre County,162385
NA,42029,Chester County,524989
NA,42031,Clarion County,38438
NA,42033,Clearfield County,79255
NA,42035,Clinton County,38632
NA,42037,Columbia County,64964
NA,42039,Crawford County,84629
NA,42041,Cumberland County,253370
NA,42043,Dauphin County,278299
NA,42045,Delaware County,566747
NA,42047,Elk County,29910
NA,42049,Erie County,269728
NA,42051,Fayette County,129274
NA,42053,Forest County,7247
NA,42055,Franklin County,155027
NA,42057,Fulton County,14530
NA,42059,Greene County,36233
NA,42061,Huntingdon County,45144
NA,42063,Indiana County,84073
NA,42065,Jefferson County,43425
NA,42067,Juniata County,24763
NA,42069,Lackawanna County,209674
NA,42071,Lancaster County,545724
NA,42073,Lawrence County,85512
NA,42075,Lebanon County,141793
NA,42077,Lehigh County,369318
NA,42079,Luzerne County,317417
NA,42081,Lycoming County,113299
NA,42083,McKean County,40625
NA,42085,Mercer County,109424
NA,42087,Mifflin County,46138
NA,42089,Monroe County,170271
NA,42091,Montgomery County,830915
NA,42093,Montour County,18230
NA,42095,Northampton County,305285
NA,42097,Northumberland County,90843
NA,42099,Perry County,46272
NA,42101,Philadelphia County,1584064
NA,42103,Pike County,55809
NA,42105,Potter County,16526
NA,42107,Schuylkill County,141359
NA,42109,Snyder County,40372
NA,42111,Somerset County,73447
NA,42113,Sullivan County,6066
NA,42115,Susquehanna County,40328
NA,42117,Tioga County,40591
NA,42119,Union County,44923
NA,42121,Venango County,50668
NA,42123,Warren County,39191
NA,42125,Washington County,206865
NA,42127,Wayne County,51361
NA,42129,Westmoreland County,348899
NA,42131,Wyoming County,26794
NA,42133,York County,449058
NA,44001,Bristol County,48479
NA,44003,Kent County,164292
NA,44005,Newport County,82082
NA,44007,Providence County,638931
NA,44009,Washington County,125577
NA,45001,Abbeville County,24527
NA,45003,Aiken County,170872
NA,45005,Allendale County,8688
NA,45007,Anderson County,202558
NA,45009,Bamberg County,14066
NA,45011,Barnwell County,20866
NA,45013,Beaufort County,192122
NA,45015,Berkeley County,227907
NA,45017,Calhoun County,14553
NA,45019,Charleston County,411406
NA,45021,Cherokee County,57300
NA,45023,Chester County,32244
NA,45025,Chesterfield County,45650
NA,45027,Clarendon County,33745
NA,45029,Colleton County,37677
NA,45031,Darlington County,66618
NA,45033,Dillon County,30479
NA,45035,Dorchester County,162809
NA,45037,Edgefield County,27260
NA,45039,Fairfield County,22347
NA,45041,Florence County,138293
NA,45043,Georgetown County,62680
NA,45045,Greenville County,523542
NA,45047,Greenwood County,70811
NA,45049,Hampton County,19222
NA,45051,Horry County,354081
NA,45053,Jasper County,30073
NA,45055,Kershaw County,66551
NA,45057,Lancaster County,98012
NA,45059,Laurens County,67493
NA,45061,Lee County,16828
NA,45063,Lexington County,298750
NA,45065,McCormick County,9463
NA,45067,Marion County,30657
NA,45069,Marlboro County,26118
NA,45071,Newberry County,38440
NA,45073,Oconee County,79546
NA,45075,Orangeburg County,86175
NA,45077,Pickens County,126884
NA,45079,Richland County,415759
NA,45081,Saluda County,20473
NA,45083,Spartanburg County,319785
NA,45085,Sumter County,106721
NA,45087,Union County,27316
NA,45089,Williamsburg County,30368
NA,45091,York County,280979
NA,46003,Aurora County,2751
NA,46005,Beadle County,18453
NA,46007,Bennett County,3365
NA,46009,Bon Homme County,6901
NA,46011,Brookings County,35077
NA,46013,Brown County,38839
NA,46015,Brule County,5297
NA,46017,Buffalo County,1962
NA,46019,Butte County,10429
NA,46021,Campbell County,1376
NA,46023,Charles Mix County,9292
NA,46025,Clark County,3736
NA,46027,Clay County,14070
NA,46029,Codington County,28009
NA,46031,Corson County,4086
NA,46033,Custer County,8972
NA,46035,Davison County,19775
NA,46037,Day County,5424
NA,46039,Deuel County,4351
NA,46041,Dewey County,5892
NA,46043,Douglas County,2921
NA,46045,Edmunds County,3829
NA,46047,Fall River County,6713
NA,46049,Faulk County,2299
NA,46051,Grant County,7052
NA,46053,Gregory County,4185
NA,46055,Haakon County,1899
NA,46057,Hamlin County,6164
NA,46059,Hand County,3191
NA,46061,Hanson County,3453
NA,46063,Harding County,1298
NA,46065,Hughes County,17526
NA,46067,Hutchinson County,7291
NA,46069,Hyde County,1301
NA,46071,Jackson County,3344
NA,46073,Jerauld County,2013
NA,46075,Jones County,903
NA,46077,Kingsbury County,4939
NA,46079,Lake County,12797
NA,46081,Lawrence County,25844
NA,46083,Lincoln County,61128
NA,46085,Lyman County,3781
NA,46087,McCook County,5586
NA,46089,McPherson County,2379
NA,46091,Marshall County,4935
NA,46093,Meade County,28332
NA,46095,Mellette County,2061
NA,46097,Miner County,2216
NA,46099,Minnehaha County,193134
NA,46101,Moody County,6576
NA,46102,Oglala Lakota County,14177
NA,46103,Pennington County,113775
NA,46105,Perkins County,2865
NA,46107,Potter County,2153
NA,46109,Roberts County,10394
NA,46111,Sanborn County,2344
NA,46115,Spink County,6376
NA,46117,Stanley County,3098
NA,46119,Sully County,1391
NA,46121,Todd County,10177
NA,46123,Tripp County,5441
NA,46125,Turner County,8384
NA,46127,Union County,15932
NA,46129,Walworth County,5435
NA,46135,Yankton County,22814
NA,46137,Ziebach County,2756
NA,47001,Anderson County,76978
NA,47003,Bedford County,49713
NA,47005,Benton County,16160
NA,47007,Bledsoe County,15064
NA,47009,Blount County,133088
NA,47011,Bradley County,108110
NA,47013,Campbell County,39842
NA,47015,Cannon County,14678
NA,47017,Carroll County,27767
NA,47019,Carter County,56391
NA,47021,Cheatham County,40667
NA,47023,Chester County,17297
NA,47025,Claiborne County,31959
NA,47027,Clay County,7615
NA,47029,Cocke County,36004
NA,47031,Coffee County,56520
NA,47033,Crockett County,14230
NA,47035,Cumberland County,60520
NA,47037,Davidson County,694144
NA,47039,Decatur County,11663
NA,47041,DeKalb County,20490
NA,47043,Dickson County,53948
NA,47045,Dyer County,37159
NA,47047,Fayette County,41133
NA,47049,Fentress County,18523
NA,47051,Franklin County,42208
NA,47053,Gibson County,49133
NA,47055,Giles County,29464
NA,47057,Grainger County,23320
NA,47059,Greene County,69069
NA,47061,Grundy County,13427
NA,47063,Hamblen County,64934
NA,47065,Hamilton County,367804
NA,47067,Hancock County,6620
NA,47069,Hardeman County,25050
NA,47071,Hardin County,25652
NA,47073,Hawkins County,56786
NA,47075,Haywood County,17304
NA,47077,Henderson County,28117
NA,47079,Henry County,32345
NA,47081,Hickman County,25178
NA,47083,Houston County,8201
NA,47085,Humphreys County,18582
NA,47087,Jackson County,11786
NA,47089,Jefferson County,54495
NA,47091,Johnson County,17788
NA,47093,Knox County,470313
NA,47095,Lake County,7016
NA,47097,Lauderdale County,25633
NA,47099,Lawrence County,44142
NA,47101,Lewis County,12268
NA,47103,Lincoln County,34366
NA,47105,Loudon County,54068
NA,47107,McMinn County,53794
NA,47109,McNairy County,25694
NA,47111,Macon County,24602
NA,47113,Madison County,97984
NA,47115,Marion County,28907
NA,47117,Marshall County,34375
NA,47119,Maury County,96387
NA,47121,Meigs County,12422
NA,47123,Monroe County,46545
NA,47125,Montgomery County,208993
NA,47127,Moore County,6488
NA,47129,Morgan County,21403
NA,47131,Obion County,30069
NA,47133,Overton County,22241
NA,47135,Perry County,8076
NA,47137,Pickett County,5048
NA,47139,Polk County,16832
NA,47141,Putnam County,80245
NA,47143,Rhea County,33167
NA,47145,Roane County,53382
NA,47147,Robertson County,71813
NA,47149,Rutherford County,332285
NA,47151,Scott County,22068
NA,47153,Sequatchie County,15026
NA,47155,Sevier County,98250
NA,47157,Shelby County,937166
NA,47159,Smith County,20157
NA,47161,Stewart County,13715
NA,47163,Sullivan County,158348
NA,47165,Sumner County,191283
NA,47167,Tipton County,61599
NA,47169,Trousdale County,11284
NA,47171,Unicoi County,17883
NA,47173,Union County,19972
NA,47175,Van Buren County,5872
NA,47177,Warren County,41277
NA,47179,Washington County,129375
NA,47181,Wayne County,16673
NA,47183,Weakley County,33328
NA,47185,White County,27345
NA,47187,Williamson County,238412
NA,47189,Wilson County,144657
NA,48001,Anderson County,57735
NA,48003,Andrews County,18705
NA,48005,Angelina County,86715
NA,48007,Aransas County,23510
NA,48009,Archer County,8553
NA,48011,Armstrong County,1887
NA,48013,Atascosa County,51153
NA,48015,Austin County,30032
NA,48017,Bailey County,7000
NA,48019,Bandera County,23112
NA,48021,Bastrop County,88723
NA,48023,Baylor County,3509
NA,48025,Bee County,32565
NA,48027,Bell County,362924
NA,48029,Bexar County,2003554
NA,48031,Blanco County,11931
NA,48033,Borden County,654
NA,48035,Bosque County,18685
NA,48037,Bowie County,93245
NA,48039,Brazoria County,374264
NA,48041,Brazos County,229211
NA,48043,Brewster County,9203
NA,48045,Briscoe County,1546
NA,48047,Brooks County,7093
NA,48049,Brown County,37864
NA,48051,Burleson County,18443
NA,48053,Burnet County,48155
NA,48055,Caldwell County,43664
NA,48057,Calhoun County,21290
NA,48059,Callahan County,13943
NA,48061,Cameron County,423163
NA,48063,Camp County,13094
NA,48065,Carson County,5926
NA,48067,Cass County,30026
NA,48069,Castro County,7530
NA,48071,Chambers County,43837
NA,48073,Cherokee County,52646
NA,48075,Childress County,7306
NA,48077,Clay County,10471
NA,48079,Cochran County,2853
NA,48081,Coke County,3387
NA,48083,Coleman County,8175
NA,48085,Collin County,1034730
NA,48087,Collingsworth County,2920
NA,48089,Colorado County,21493
NA,48091,Comal County,156209
NA,48093,Comanche County,13635
NA,48095,Concho County,2726
NA,48097,Cooke County,41257
NA,48099,Coryell County,75951
NA,48101,Cottle County,1398
NA,48103,Crane County,4797
NA,48105,Crockett County,3464
NA,48107,Crosby County,5737
NA,48109,Culberson County,2171
NA,48111,Dallam County,7287
NA,48113,Dallas County,2635516
NA,48115,Dawson County,12728
NA,48117,Deaf Smith County,18546
NA,48119,Delta County,5331
NA,48121,Denton County,887207
NA,48123,DeWitt County,20160
NA,48125,Dickens County,2211
NA,48127,Dimmit County,10124
NA,48129,Donley County,3278
NA,48131,Duval County,11157
NA,48133,Eastland County,18360
NA,48135,Ector County,166223
NA,48137,Edwards County,1932
NA,48139,Ellis County,184826
NA,48141,El Paso County,839238
NA,48143,Erath County,42698
NA,48145,Falls County,17297
NA,48147,Fannin County,35514
NA,48149,Fayette County,25346
NA,48151,Fisher County,3830
NA,48153,Floyd County,5712
NA,48155,Foard County,1155
NA,48157,Fort Bend County,811688
NA,48159,Franklin County,10725
NA,48161,Freestone County,19717
NA,48163,Frio County,20306
NA,48165,Gaines County,21492
NA,48167,Galveston County,342139
NA,48169,Garza County,6229
NA,48171,Gillespie County,26988
NA,48173,Glasscock County,1409
NA,48175,Goliad County,7658
NA,48177,Gonzales County,20837
NA,48179,Gray County,21886
NA,48181,Grayson County,136212
NA,48183,Gregg County,123945
NA,48185,Grimes County,28880
NA,48187,Guadalupe County,166847
NA,48189,Hale County,33406
NA,48191,Hall County,2964
NA,48193,Hamilton County,8461
NA,48195,Hansford County,5399
NA,48197,Hardeman County,3933
NA,48199,Hardin County,57602
NA,48201,Harris County,4713325
NA,48203,Harrison County,66553
NA,48205,Hartley County,5576
NA,48207,Haskell County,5658
NA,48209,Hays County,230191
NA,48211,Hemphill County,3819
NA,48213,Henderson County,82737
NA,48215,Hidalgo County,868707
NA,48217,Hill County,36649
NA,48219,Hockley County,23021
NA,48221,Hood County,61643
NA,48223,Hopkins County,37084
NA,48225,Houston County,22968
NA,48227,Howard County,36664
NA,48229,Hudspeth County,4886
NA,48231,Hunt County,98594
NA,48233,Hutchinson County,20938
NA,48235,Irion County,1536
NA,48237,Jack County,8935
NA,48239,Jackson County,14760
NA,48241,Jasper County,35529
NA,48243,Jeff Davis County,2274
NA,48245,Jefferson County,251565
NA,48247,Jim Hogg County,5200
NA,48249,Jim Wells County,40482
NA,48251,Johnson County,175817
NA,48253,Jones County,20083
NA,48255,Karnes County,15601
NA,48257,Kaufman County,136154
NA,48259,Kendall County,47431
NA,48261,Kenedy County,404
NA,48263,Kent County,762
NA,48265,Kerr County,52600
NA,48267,Kimble County,4337
NA,48269,King County,272
NA,48271,Kinney County,3667
NA,48273,Kleberg County,30680
NA,48275,Knox County,3664
NA,48277,Lamar County,49859
NA,48279,Lamb County,12893
NA,48281,Lampasas County,21428
NA,48283,La Salle County,7520
NA,48285,Lavaca County,20154
NA,48287,Lee County,17239
NA,48289,Leon County,17404
NA,48291,Liberty County,88219
NA,48293,Limestone County,23437
NA,48295,Lipscomb County,3233
NA,48297,Live Oak County,12207
NA,48299,Llano County,21795
NA,48301,Loving County,169
NA,48303,Lubbock County,310569
NA,48305,Lynn County,5951
NA,48307,McCulloch County,7984
NA,48309,McLennan County,256623
NA,48311,McMullen County,743
NA,48313,Madison County,14284
NA,48315,Marion County,9854
NA,48317,Martin County,5771
NA,48319,Mason County,4274
NA,48321,Matagorda County,36643
NA,48323,Maverick County,58722
NA,48325,Medina County,51584
NA,48327,Menard County,2138
NA,48329,Midland County,176832
NA,48331,Milam County,24823
NA,48333,Mills County,4873
NA,48335,Mitchell County,8545
NA,48337,Montague County,19818
NA,48339,Montgomery County,607391
NA,48341,Moore County,20940
NA,48343,Morris County,12388
NA,48345,Motley County,1200
NA,48347,Nacogdoches County,65204
NA,48349,Navarro County,50113
NA,48351,Newton County,13595
NA,48353,Nolan County,14714
NA,48355,Nueces County,362294
NA,48357,Ochiltree County,9836
NA,48359,Oldham County,2112
NA,48361,Orange County,83396
NA,48363,Palo Pinto County,29189
NA,48365,Panola County,23194
NA,48367,Parker County,142878
NA,48369,Parmer County,9605
NA,48371,Pecos County,15823
NA,48373,Polk County,51353
NA,48375,Potter County,117415
NA,48377,Presidio County,6704
NA,48379,Rains County,12514
NA,48381,Randall County,137713
NA,48383,Reagan County,3849
NA,48385,Real County,3452
NA,48387,Red River County,12023
NA,48389,Reeves County,15976
NA,48391,Refugio County,6948
NA,48393,Roberts County,854
NA,48395,Robertson County,17074
NA,48397,Rockwall County,104915
NA,48399,Runnels County,10264
NA,48401,Rusk County,54406
NA,48403,Sabine County,10542
NA,48405,San Augustine County,8237
NA,48407,San Jacinto County,28859
NA,48409,San Patricio County,66730
NA,48411,San Saba County,6055
NA,48413,Schleicher County,2793
NA,48415,Scurry County,16703
NA,48417,Shackelford County,3265
NA,48419,Shelby County,25274
NA,48421,Sherman County,3022
NA,48423,Smith County,232751
NA,48425,Somervell County,9128
NA,48427,Starr County,64633
NA,48429,Stephens County,9366
NA,48431,Sterling County,1291
NA,48433,Stonewall County,1350
NA,48435,Sutton County,3776
NA,48437,Swisher County,7397
NA,48439,Tarrant County,2102515
NA,48441,Taylor County,138034
NA,48443,Terrell County,776
NA,48445,Terry County,12337
NA,48447,Throckmorton County,1501
NA,48449,Titus County,32750
NA,48451,Tom Green County,119200
NA,48453,Travis County,1273954
NA,48455,Trinity County,14651
NA,48457,Tyler County,21672
NA,48459,Upshur County,41753
NA,48461,Upton County,3657
NA,48463,Uvalde County,26741
NA,48465,Val Verde County,49025
NA,48467,Van Zandt County,56590
NA,48469,Victoria County,92084
NA,48471,Walker County,72971
NA,48473,Waller County,55246
NA,48475,Ward County,11998
NA,48477,Washington County,35882
NA,48479,Webb County,276652
NA,48481,Wharton County,41556
NA,48483,Wheeler County,5056
NA,48485,Wichita County,132230
NA,48487,Wilbarger County,12769
NA,48489,Willacy County,21358
NA,48491,Williamson County,590551
NA,48493,Wilson County,51070
NA,48495,Winkler County,8010
NA,48497,Wise County,69984
NA,48499,Wood County,45539
NA,48501,Yoakum County,8713
NA,48503,Young County,18010
NA,48505,Zapata County,14179
NA,48507,Zavala County,11840
NA,49001,Beaver County,6710
NA,49003,Box Elder County,56046
NA,49005,Cache County,128289
NA,49007,Carbon County,20463
NA,49009,Daggett County,950
NA,49011,Davis County,355481
NA,49013,Duchesne County,19938
NA,49015,Emery County,10012
NA,49017,Garfield County,5051
NA,49019,Grand County,9754
NA,49021,Iron County,54839
NA,49023,Juab County,12017
NA,49025,Kane County,7886
NA,49027,Millard County,13188
NA,49029,Morgan County,12124
NA,49031,Piute County,1479
NA,49033,Rich County,2483
NA,49035,Salt Lake County,1160437
NA,49037,San Juan County,15308
NA,49039,Sanpete County,30939
NA,49041,Sevier County,21620
NA,49043,Summit County,42145
NA,49045,Tooele County,72259
NA,49047,Uintah County,35734
NA,49049,Utah County,636235
NA,49051,Wasatch County,34091
NA,49053,Washington County,177556
NA,49055,Wayne County,2711
NA,49057,Weber County,260213
NA,50001,Addison County,36777
NA,50003,Bennington County,35470
NA,50005,Caledonia County,29993
NA,50007,Chittenden County,163774
NA,50009,Essex County,6163
NA,50011,Franklin County,49402
NA,50013,Grand Isle County,7235
NA,50015,Lamoille County,25362
NA,50017,Orange County,28892
NA,50019,Orleans County,27037
NA,50021,Rutland County,58191
NA,50023,Washington County,58409
NA,50025,Windham County,42222
NA,50027,Windsor County,55062
NA,51001,Accomack County,32316
NA,51003,Albemarle County,109330
NA,51005,Alleghany County,14860
NA,51007,Amelia County,13145
NA,51009,Amherst County,31605
NA,51011,Appomattox County,15911
NA,51013,Arlington County,236842
NA,51015,Augusta County,75558
NA,51017,Bath County,4147
NA,51019,Bedford County,78997
NA,51021,Bland County,6280
NA,51023,Botetourt County,33419
NA,51025,Brunswick County,16231
NA,51027,Buchanan County,21004
NA,51029,Buckingham County,17148
NA,51031,Campbell County,54885
NA,51033,Caroline County,30725
NA,51035,Carroll County,29791
NA,51036,Charles City County,6963
NA,51037,Charlotte County,11880
NA,51041,Chesterfield County,352802
NA,51043,Clarke County,14619
NA,51045,Craig County,5131
NA,51047,Culpeper County,52605
NA,51049,Cumberland County,9932
NA,51051,Dickenson County,14318
NA,51053,Dinwiddie County,28544
NA,51057,Essex County,10953
NA,51059,Fairfax County,1147532
NA,51061,Fauquier County,71222
NA,51063,Floyd County,15749
NA,51065,Fluvanna County,27270
NA,51067,Franklin County,56042
NA,51069,Frederick County,89313
NA,51071,Giles County,16720
NA,51073,Gloucester County,37348
NA,51075,Goochland County,23753
NA,51077,Grayson County,15550
NA,51079,Greene County,19819
NA,51081,Greensville County,11336
NA,51083,Halifax County,33911
NA,51085,Hanover County,107766
NA,51087,Henrico County,330818
NA,51089,Henry County,50557
NA,51091,Highland County,2190
NA,51093,Isle of Wight County,37109
NA,51095,James City County,76523
NA,51097,King and Queen County,7025
NA,51099,King George County,26836
NA,51101,King William County,17148
NA,51103,Lancaster County,10603
NA,51105,Lee County,23423
NA,51107,Loudoun County,413538
NA,51109,Louisa County,37591
NA,51111,Lunenburg County,12196
NA,51113,Madison County,13261
NA,51115,Mathews County,8834
NA,51117,Mecklenburg County,30587
NA,51119,Middlesex County,10582
NA,51121,Montgomery County,98535
NA,51125,Nelson County,14930
NA,51127,New Kent County,23091
NA,51131,Northampton County,11710
NA,51133,Northumberland County,12095
NA,51135,Nottoway County,15232
NA,51137,Orange County,37051
NA,51139,Page County,23902
NA,51141,Patrick County,17608
NA,51143,Pittsylvania County,60354
NA,51145,Powhatan County,29652
NA,51147,Prince Edward County,22802
NA,51149,Prince George County,38353
NA,51153,Prince William County,470335
NA,51155,Pulaski County,34027
NA,51157,Rappahannock County,7370
NA,51159,Richmond County,9023
NA,51161,Roanoke County,94186
NA,51163,Rockbridge County,22573
NA,51165,Rockingham County,81948
NA,51167,Russell County,26586
NA,51169,Scott County,21566
NA,51171,Shenandoah County,43616
NA,51173,Smyth County,30104
NA,51175,Southampton County,17631
NA,51177,Spotsylvania County,136215
NA,51179,Stafford County,152882
NA,51181,Surry County,6422
NA,51183,Sussex County,11159
NA,51185,Tazewell County,40595
NA,51187,Warren County,40164
NA,51191,Washington County,53740
NA,51193,Westmoreland County,18015
NA,51195,Wise County,37383
NA,51197,Wythe County,28684
NA,51199,York County,68280
NA,51510,Alexandria County,159428
NA,51520,Bristol County,16762
NA,51530,Buena Vista County,6478
NA,51540,Charlottesville County,47266
NA,51550,Chesapeake County,244835
NA,51570,Colonial Heights County,17370
NA,51580,Covington County,5538
NA,51590,Danville County,40044
NA,51595,Emporia County,5346
NA,51600,Fairfax City County,24019
NA,51610,Falls Church County,14617
NA,51620,Franklin City County,7967
NA,51630,Fredericksburg County,29036
NA,51640,Galax County,6347
NA,51650,Hampton County,134510
NA,51660,Harrisonburg County,53016
NA,51670,Hopewell County,22529
NA,51678,Lexington County,7446
NA,51680,Lynchburg County,82168
NA,51683,Manassas County,41085
NA,51685,Manassas Park County,17478
NA,51690,Martinsville County,12554
NA,51700,Newport News County,179225
NA,51710,Norfolk County,242742
NA,51720,Norton County,3981
NA,51730,Petersburg County,31346
NA,51735,Poquoson County,12271
NA,51740,Portsmouth County,94398
NA,51750,Radford County,18249
NA,51760,Richmond City County,230436
NA,51770,Roanoke City County,99143
NA,51775,Salem County,25301
NA,51790,Staunton County,24932
NA,51800,Suffolk County,92108
NA,51810,Virginia Beach County,449974
NA,51820,Waynesboro County,22630
NA,51830,Williamsburg County,14954
NA,51840,Winchester County,28078
NA,53001,Adams County,19983
NA,53003,Asotin County,22582
NA,53005,Benton County,204390
NA,53007,Chelan County,77200
NA,53009,Clallam County,77331
NA,53011,Clark County,488241
NA,53013,Columbia County,3985
NA,53015,Cowlitz County,110593
NA,53017,Douglas County,43429
NA,53019,Ferry County,7627
NA,53021,Franklin County,95222
NA,53023,Garfield County,2225
NA,53025,Grant County,97733
NA,53027,Grays Harbor County,75061
NA,53029,Island County,85141
NA,53031,Jefferson County,32221
NA,53033,King County,2252782
NA,53035,Kitsap County,271473
NA,53037,Kittitas County,47935
NA,53039,Klickitat County,22425
NA,53041,Lewis County,80707
NA,53043,Lincoln County,10939
NA,53045,Mason County,66768
NA,53047,Okanogan County,42243
NA,53049,Pacific County,22471
NA,53051,Pend Oreille County,13724
NA,53053,Pierce County,904980
NA,53055,San Juan County,17582
NA,53057,Skagit County,129205
NA,53059,Skamania County,12083
NA,53061,Snohomish County,822083
NA,53063,Spokane County,522798
NA,53065,Stevens County,45723
NA,53067,Thurston County,290536
NA,53069,Wahkiakum County,4488
NA,53071,Walla Walla County,60760
NA,53073,Whatcom County,229247
NA,53075,Whitman County,50104
NA,53077,Yakima County,250873
NA,54001,Barbour County,16441
NA,54003,Berkeley County,119171
NA,54005,Boone County,21457
NA,54007,Braxton County,13957
NA,54009,Brooke County,21939
NA,54011,Cabell County,91945
NA,54013,Calhoun County,7109
NA,54015,Clay County,8508
NA,54017,Doddridge County,8448
NA,54019,Fayette County,42406
NA,54021,Gilmer County,7823
NA,54023,Grant County,11568
NA,54025,Greenbrier County,34662
NA,54027,Hampshire County,23175
NA,54029,Hancock County,28810
NA,54031,Hardy County,13776
NA,54033,Harrison County,67256
NA,54035,Jackson County,28576
NA,54037,Jefferson County,57146
NA,54039,Kanawha County,178124
NA,54041,Lewis County,15907
NA,54043,Lincoln County,20409
NA,54045,Logan County,32019
NA,54047,McDowell County,17624
NA,54049,Marion County,56072
NA,54051,Marshall County,30531
NA,54053,Mason County,26516
NA,54055,Mercer County,58758
NA,54057,Mineral County,26868
NA,54059,Mingo County,23424
NA,54061,Monongalia County,105612
NA,54063,Monroe County,13275
NA,54065,Morgan County,17884
NA,54067,Nicholas County,24496
NA,54069,Ohio County,41411
NA,54071,Pendleton County,6969
NA,54073,Pleasants County,7460
NA,54075,Pocahontas County,8247
NA,54077,Preston County,33432
NA,54079,Putnam County,56450
NA,54081,Raleigh County,73361
NA,54083,Randolph County,28695
NA,54085,Ritchie County,9554
NA,54087,Roane County,13688
NA,54089,Summers County,12573
NA,54091,Taylor County,16695
NA,54093,Tucker County,6839
NA,54095,Tyler County,8591
NA,54097,Upshur County,24176
NA,54099,Wayne County,39402
NA,54101,Webster County,8114
NA,54103,Wetzel County,15065
NA,54105,Wirt County,5821
NA,54107,Wood County,83518
NA,54109,Wyoming County,20394
NA,55001,Adams County,20220
NA,55003,Ashland County,15562
NA,55005,Barron County,45244
NA,55007,Bayfield County,15036
NA,55009,Brown County,264542
NA,55011,Buffalo County,13031
NA,55013,Burnett County,15414
NA,55015,Calumet County,50089
NA,55017,Chippewa County,64658
NA,55019,Clark County,34774
NA,55021,Columbia County,57532
NA,55023,Crawford County,16131
NA,55025,Dane County,546695
NA,55027,Dodge County,87839
NA,55029,Door County,27668
NA,55031,Douglas County,43150
NA,55033,Dunn County,45368
NA,55035,Eau Claire County,104646
NA,55037,Florence County,4295
NA,55039,Fond du Lac County,103403
NA,55041,Forest County,9004
NA,55043,Grant County,51439
NA,55045,Green County,36960
NA,55047,Green Lake County,18913
NA,55049,Iowa County,23678
NA,55051,Iron County,5687
NA,55053,Jackson County,20643
NA,55055,Jefferson County,84769
NA,55057,Juneau County,26687
NA,55059,Kenosha County,169561
NA,55061,Kewaunee County,20434
NA,55063,La Crosse County,118016
NA,55065,Lafayette County,16665
NA,55067,Langlade County,19189
NA,55069,Lincoln County,27593
NA,55071,Manitowoc County,78981
NA,55073,Marathon County,135692
NA,55075,Marinette County,40350
NA,55077,Marquette County,15574
NA,55078,Menominee County,4556
NA,55079,Milwaukee County,945726
NA,55081,Monroe County,46253
NA,55083,Oconto County,37930
NA,55085,Oneida County,35595
NA,55087,Outagamie County,187885
NA,55089,Ozaukee County,89221
NA,55091,Pepin County,7287
NA,55093,Pierce County,42754
NA,55095,Polk County,43783
NA,55097,Portage County,70772
NA,55099,Price County,13351
NA,55101,Racine County,196311
NA,55103,Richland County,17252
NA,55105,Rock County,163354
NA,55107,Rusk County,14178
NA,55109,St. Croix County,90687
NA,55111,Sauk County,64442
NA,55113,Sawyer County,16558
NA,55115,Shawano County,40899
NA,55117,Sheboygan County,115340
NA,55119,Taylor County,20343
NA,55121,Trempealeau County,29649
NA,55123,Vernon County,30822
NA,55125,Vilas County,22195
NA,55127,Walworth County,103868
NA,55129,Washburn County,15720
NA,55131,Washington County,136034
NA,55133,Waukesha County,404198
NA,55135,Waupaca County,50990
NA,55137,Waushara County,24443
NA,55139,Winnebago County,171907
NA,55141,Wood County,72999
NA,56001,Albany County,38880
NA,56003,Big Horn County,11790
NA,56005,Campbell County,46341
NA,56007,Carbon County,14800
NA,56009,Converse County,13822
NA,56011,Crook County,7584
NA,56013,Fremont County,39261
NA,56015,Goshen County,13211
NA,56017,Hot Springs County,4413
NA,56019,Johnson County,8445
NA,56021,Laramie County,99500
NA,56023,Lincoln County,19830
NA,56025,Natrona County,79858
NA,56027,Niobrara County,2356
NA,56029,Park County,29194
NA,56031,Platte County,8393
NA,56033,Sheridan County,30485
NA,56035,Sublette County,9831
NA,56037,Sweetwater County,42343
NA,56039,Teton County,23464
NA,56041,Uinta County,20226
NA,56043,Washakie County,7805
NA,56045,Weston County,6927
