team_model,phase,ok,message
AIMdyn-SlidingKoopman,write,TRUE,wrote /Users/nick/Documents/research-versioned/covid19-forecast-hub-archive/model-metadata/AIMdyn-SlidingKoopman.yml
AIpert-pwllnod,write,TRUE,wrote /Users/nick/Documents/research-versioned/covid19-forecast-hub-archive/model-metadata/AIpert-pwllnod.yml
AMM-EpiInvert,write,TRUE,wrote /Users/nick/Documents/research-versioned/covid19-forecast-hub-archive/model-metadata/AMM-EpiInvert.yml
Auquan-SEIR,write,TRUE,wrote /Users/nick/Documents/research-versioned/covid19-forecast-hub-archive/model-metadata/Auquan-SEIR.yml
BPagano-RtDriven,write,TRUE,wrote /Users/nick/Documents/research-versioned/covid19-forecast-hub-archive/model-metadata/BPagano-RtDriven.yml
Caltech-CS156,write,TRUE,wrote /Users/nick/Documents/research-versioned/covid19-forecast-hub-archive/model-metadata/Caltech-CS156.yml
CDDEP-SEIR_MCMC,write,TRUE,wrote /Users/nick/Documents/research-versioned/covid19-forecast-hub-archive/model-metadata/CDDEP-SEIR_MCMC.yml
CEID-Walk,write,TRUE,wrote /Users/nick/Documents/research-versioned/covid19-forecast-hub-archive/model-metadata/CEID-Walk.yml
CEPH-Rtrend_covid,write,TRUE,wrote /Users/nick/Documents/research-versioned/covid19-forecast-hub-archive/model-metadata/CEPH-Rtrend_covid.yml
cfa-wwrenewal,write,TRUE,wrote /Users/nick/Documents/research-versioned/covid19-forecast-hub-archive/model-metadata/cfa-wwrenewal.yml
CMU-TimeSeries,write,TRUE,wrote /Users/nick/Documents/research-versioned/covid19-forecast-hub-archive/model-metadata/CMU-TimeSeries.yml
Columbia_UNC-SurvCon,write,TRUE,wrote /Users/nick/Documents/research-versioned/covid19-forecast-hub-archive/model-metadata/Columbia_UNC-SurvCon.yml
Covid19Sim-Simulator,write,TRUE,wrote /Users/nick/Documents/research-versioned/covid19-forecast-hub-archive/model-metadata/Covid19Sim-Simulator.yml
CovidActNow-SEIR_CAN,write,TRUE,wrote /Users/nick/Documents/research-versioned/covid19-forecast-hub-archive/model-metadata/CovidActNow-SEIR_CAN.yml
CovidAnalytics-DELPHI,write,TRUE,wrote /Users/nick/Documents/research-versioned/covid19-forecast-hub-archive/model-metadata/CovidAnalytics-DELPHI.yml
COVIDhub_CDC-ensemble,write,TRUE,wrote /Users/nick/Documents/research-versioned/covid19-forecast-hub-archive/model-metadata/COVIDhub_CDC-ensemble.yml
COVIDhub-4_week_ensemble,write,TRUE,wrote /Users/nick/Documents/research-versioned/covid19-forecast-hub-archive/model-metadata/COVIDhub-4_week_ensemble.yml
COVIDhub-baseline,write,TRUE,wrote /Users/nick/Documents/research-versioned/covid19-forecast-hub-archive/model-metadata/COVIDhub-baseline.yml
COVIDhub-ensemble,write,TRUE,wrote /Users/nick/Documents/research-versioned/covid19-forecast-hub-archive/model-metadata/COVIDhub-ensemble.yml
COVIDhub-trained_ensemble,write,TRUE,wrote /Users/nick/Documents/research-versioned/covid19-forecast-hub-archive/model-metadata/COVIDhub-trained_ensemble.yml
CU-nochange,write,TRUE,wrote /Users/nick/Documents/research-versioned/covid19-forecast-hub-archive/model-metadata/CU-nochange.yml
CU-scenario_high,write,TRUE,wrote /Users/nick/Documents/research-versioned/covid19-forecast-hub-archive/model-metadata/CU-scenario_high.yml
CU-scenario_low,write,TRUE,wrote /Users/nick/Documents/research-versioned/covid19-forecast-hub-archive/model-metadata/CU-scenario_low.yml
CU-scenario_mid,write,TRUE,wrote /Users/nick/Documents/research-versioned/covid19-forecast-hub-archive/model-metadata/CU-scenario_mid.yml
CU-select,write,TRUE,wrote /Users/nick/Documents/research-versioned/covid19-forecast-hub-archive/model-metadata/CU-select.yml
CUB_PopCouncil-SLSTM,write,TRUE,wrote /Users/nick/Documents/research-versioned/covid19-forecast-hub-archive/model-metadata/CUB_PopCouncil-SLSTM.yml
CUBoulder-COVIDLSTM,write,TRUE,wrote /Users/nick/Documents/research-versioned/covid19-forecast-hub-archive/model-metadata/CUBoulder-COVIDLSTM.yml
CWRU-COVID_19Predict,write,TRUE,wrote /Users/nick/Documents/research-versioned/covid19-forecast-hub-archive/model-metadata/CWRU-COVID_19Predict.yml
DDS-NBDS,write,TRUE,wrote /Users/nick/Documents/research-versioned/covid19-forecast-hub-archive/model-metadata/DDS-NBDS.yml
epiforecasts-ensemble1,write,TRUE,wrote /Users/nick/Documents/research-versioned/covid19-forecast-hub-archive/model-metadata/epiforecasts-ensemble1.yml
FAIR-NRAR,write,TRUE,wrote /Users/nick/Documents/research-versioned/covid19-forecast-hub-archive/model-metadata/FAIR-NRAR.yml
FDANIHASU-Sweight,write,TRUE,wrote /Users/nick/Documents/research-versioned/covid19-forecast-hub-archive/model-metadata/FDANIHASU-Sweight.yml
FRBSF_Wilson-Econometric,write,TRUE,wrote /Users/nick/Documents/research-versioned/covid19-forecast-hub-archive/model-metadata/FRBSF_Wilson-Econometric.yml
Geneva-DetGrowth,write,TRUE,wrote /Users/nick/Documents/research-versioned/covid19-forecast-hub-archive/model-metadata/Geneva-DetGrowth.yml
Google_Harvard-CPF,write,TRUE,wrote /Users/nick/Documents/research-versioned/covid19-forecast-hub-archive/model-metadata/Google_Harvard-CPF.yml
GT_CHHS-COVID19,write,TRUE,wrote /Users/nick/Documents/research-versioned/covid19-forecast-hub-archive/model-metadata/GT_CHHS-COVID19.yml
GT-DeepCOVID,write,TRUE,wrote /Users/nick/Documents/research-versioned/covid19-forecast-hub-archive/model-metadata/GT-DeepCOVID.yml
HKUST-DNN,write,TRUE,wrote /Users/nick/Documents/research-versioned/covid19-forecast-hub-archive/model-metadata/HKUST-DNN.yml
IBF-TimeSeries,write,TRUE,wrote /Users/nick/Documents/research-versioned/covid19-forecast-hub-archive/model-metadata/IBF-TimeSeries.yml
IEM_MED-CovidProject,write,TRUE,wrote /Users/nick/Documents/research-versioned/covid19-forecast-hub-archive/model-metadata/IEM_MED-CovidProject.yml
IHME-CurveFit,write,TRUE,wrote /Users/nick/Documents/research-versioned/covid19-forecast-hub-archive/model-metadata/IHME-CurveFit.yml
Imperial-ensemble1,write,TRUE,wrote /Users/nick/Documents/research-versioned/covid19-forecast-hub-archive/model-metadata/Imperial-ensemble1.yml
Imperial-ensemble2,write,TRUE,wrote /Users/nick/Documents/research-versioned/covid19-forecast-hub-archive/model-metadata/Imperial-ensemble2.yml
IowaStateLW-STEM,write,TRUE,wrote /Users/nick/Documents/research-versioned/covid19-forecast-hub-archive/model-metadata/IowaStateLW-STEM.yml
IQVIA_ACOE-STAN,write,TRUE,wrote /Users/nick/Documents/research-versioned/covid19-forecast-hub-archive/model-metadata/IQVIA_ACOE-STAN.yml
ISUandPKU-vSEIdR,write,TRUE,wrote /Users/nick/Documents/research-versioned/covid19-forecast-hub-archive/model-metadata/ISUandPKU-vSEIdR.yml
IUPUI-HkPrMobiDyR,write,TRUE,wrote /Users/nick/Documents/research-versioned/covid19-forecast-hub-archive/model-metadata/IUPUI-HkPrMobiDyR.yml
JBUD-HMXK,write,TRUE,wrote /Users/nick/Documents/research-versioned/covid19-forecast-hub-archive/model-metadata/JBUD-HMXK.yml
JCB-PRM,write,TRUE,wrote /Users/nick/Documents/research-versioned/covid19-forecast-hub-archive/model-metadata/JCB-PRM.yml
JHU_CSSE-DECOM,write,TRUE,wrote /Users/nick/Documents/research-versioned/covid19-forecast-hub-archive/model-metadata/JHU_CSSE-DECOM.yml
JHU_IDD-CovidSP,write,TRUE,wrote /Users/nick/Documents/research-versioned/covid19-forecast-hub-archive/model-metadata/JHU_IDD-CovidSP.yml
JHU_UNC_GAS-StatMechPool,write,TRUE,wrote /Users/nick/Documents/research-versioned/covid19-forecast-hub-archive/model-metadata/JHU_UNC_GAS-StatMechPool.yml
JHUAPL-Bucky,write,TRUE,wrote /Users/nick/Documents/research-versioned/covid19-forecast-hub-archive/model-metadata/JHUAPL-Bucky.yml
JHUAPL-Gecko,write,TRUE,wrote /Users/nick/Documents/research-versioned/covid19-forecast-hub-archive/model-metadata/JHUAPL-Gecko.yml
JHUAPL-Morris,write,TRUE,wrote /Users/nick/Documents/research-versioned/covid19-forecast-hub-archive/model-metadata/JHUAPL-Morris.yml
JHUAPL-SLPHospEns,write,TRUE,wrote /Users/nick/Documents/research-versioned/covid19-forecast-hub-archive/model-metadata/JHUAPL-SLPHospEns.yml
JHUAPLTDWG-ICATTML,write,TRUE,wrote /Users/nick/Documents/research-versioned/covid19-forecast-hub-archive/model-metadata/JHUAPLTDWG-ICATTML.yml
Karlen-pypm,write,TRUE,wrote /Users/nick/Documents/research-versioned/covid19-forecast-hub-archive/model-metadata/Karlen-pypm.yml
KITmetricslab-select_ensemble,write,TRUE,wrote /Users/nick/Documents/research-versioned/covid19-forecast-hub-archive/model-metadata/KITmetricslab-select_ensemble.yml
LANL-GrowthRate,write,TRUE,wrote /Users/nick/Documents/research-versioned/covid19-forecast-hub-archive/model-metadata/LANL-GrowthRate.yml
LNQ-ens1,write,TRUE,wrote /Users/nick/Documents/research-versioned/covid19-forecast-hub-archive/model-metadata/LNQ-ens1.yml
LosAlamos_NAU-CModel_SDVaxVar,write,TRUE,wrote /Users/nick/Documents/research-versioned/covid19-forecast-hub-archive/model-metadata/LosAlamos_NAU-CModel_SDVaxVar.yml
LUcompUncertLab-VAR_3streams,write,TRUE,wrote /Users/nick/Documents/research-versioned/covid19-forecast-hub-archive/model-metadata/LUcompUncertLab-VAR_3streams.yml
Microsoft-DeepSTIA,write,TRUE,wrote /Users/nick/Documents/research-versioned/covid19-forecast-hub-archive/model-metadata/Microsoft-DeepSTIA.yml
MIT_CritData-GBCF,write,TRUE,wrote /Users/nick/Documents/research-versioned/covid19-forecast-hub-archive/model-metadata/MIT_CritData-GBCF.yml
MIT_ISOLAT-Mixtures,write,TRUE,wrote /Users/nick/Documents/research-versioned/covid19-forecast-hub-archive/model-metadata/MIT_ISOLAT-Mixtures.yml
MIT-Cassandra,write,TRUE,wrote /Users/nick/Documents/research-versioned/covid19-forecast-hub-archive/model-metadata/MIT-Cassandra.yml
MITCovAlliance-SIR,write,TRUE,wrote /Users/nick/Documents/research-versioned/covid19-forecast-hub-archive/model-metadata/MITCovAlliance-SIR.yml
MOBS-GLEAM_COVID,write,TRUE,wrote /Users/nick/Documents/research-versioned/covid19-forecast-hub-archive/model-metadata/MOBS-GLEAM_COVID.yml
MSRA-DeepST,write,TRUE,wrote /Users/nick/Documents/research-versioned/covid19-forecast-hub-archive/model-metadata/MSRA-DeepST.yml
MUNI-ARIMA,write,TRUE,wrote /Users/nick/Documents/research-versioned/covid19-forecast-hub-archive/model-metadata/MUNI-ARIMA.yml
MUNI-VAR,write,TRUE,wrote /Users/nick/Documents/research-versioned/covid19-forecast-hub-archive/model-metadata/MUNI-VAR.yml
NCSU-COVSIM,write,TRUE,wrote /Users/nick/Documents/research-versioned/covid19-forecast-hub-archive/model-metadata/NCSU-COVSIM.yml
NotreDame-FRED,write,TRUE,wrote /Users/nick/Documents/research-versioned/covid19-forecast-hub-archive/model-metadata/NotreDame-FRED.yml
NotreDame-mobility,write,TRUE,wrote /Users/nick/Documents/research-versioned/covid19-forecast-hub-archive/model-metadata/NotreDame-mobility.yml
OHT_JHU-nbxd,write,TRUE,wrote /Users/nick/Documents/research-versioned/covid19-forecast-hub-archive/model-metadata/OHT_JHU-nbxd.yml
OHT-nbx,write,TRUE,wrote /Users/nick/Documents/research-versioned/covid19-forecast-hub-archive/model-metadata/OHT-nbx.yml
OliverWyman-Navigator,write,TRUE,wrote /Users/nick/Documents/research-versioned/covid19-forecast-hub-archive/model-metadata/OliverWyman-Navigator.yml
OneQuietNight-ML,write,TRUE,wrote /Users/nick/Documents/research-versioned/covid19-forecast-hub-archive/model-metadata/OneQuietNight-ML.yml
PandemicCentral-COVIDForest,write,TRUE,wrote /Users/nick/Documents/research-versioned/covid19-forecast-hub-archive/model-metadata/PandemicCentral-COVIDForest.yml
PandemicCentral-USCounty,write,TRUE,wrote /Users/nick/Documents/research-versioned/covid19-forecast-hub-archive/model-metadata/PandemicCentral-USCounty.yml
PR_UMD-CF_RepTiLe,write,TRUE,wrote /Users/nick/Documents/research-versioned/covid19-forecast-hub-archive/model-metadata/PR_UMD-CF_RepTiLe.yml
prolix-euclidean,write,TRUE,wrote /Users/nick/Documents/research-versioned/covid19-forecast-hub-archive/model-metadata/prolix-euclidean.yml
PSI-DICE,write,TRUE,wrote /Users/nick/Documents/research-versioned/covid19-forecast-hub-archive/model-metadata/PSI-DICE.yml
PSI-DRAFT,write,TRUE,wrote /Users/nick/Documents/research-versioned/covid19-forecast-hub-archive/model-metadata/PSI-DRAFT.yml
QJHong-Encounter,write,TRUE,wrote /Users/nick/Documents/research-versioned/covid19-forecast-hub-archive/model-metadata/QJHong-Encounter.yml
Quantori-Multiagents,write,TRUE,wrote /Users/nick/Documents/research-versioned/covid19-forecast-hub-archive/model-metadata/Quantori-Multiagents.yml
RobertWalraven-ESG,write,TRUE,wrote /Users/nick/Documents/research-versioned/covid19-forecast-hub-archive/model-metadata/RobertWalraven-ESG.yml
RPI_UW-Mob_Collision,write,TRUE,wrote /Users/nick/Documents/research-versioned/covid19-forecast-hub-archive/model-metadata/RPI_UW-Mob_Collision.yml
SDSC_ISG-TrendModel,write,TRUE,wrote /Users/nick/Documents/research-versioned/covid19-forecast-hub-archive/model-metadata/SDSC_ISG-TrendModel.yml
SGroup-RandomForest,write,TRUE,wrote /Users/nick/Documents/research-versioned/covid19-forecast-hub-archive/model-metadata/SGroup-RandomForest.yml
SigSci-TS,write,TRUE,wrote /Users/nick/Documents/research-versioned/covid19-forecast-hub-archive/model-metadata/SigSci-TS.yml
SteveMcConnell-CovidComplete,write,TRUE,wrote /Users/nick/Documents/research-versioned/covid19-forecast-hub-archive/model-metadata/SteveMcConnell-CovidComplete.yml
STH-3PU,write,TRUE,wrote /Users/nick/Documents/research-versioned/covid19-forecast-hub-archive/model-metadata/STH-3PU.yml
SWC-TerminusCM,write,TRUE,wrote /Users/nick/Documents/research-versioned/covid19-forecast-hub-archive/model-metadata/SWC-TerminusCM.yml
TTU-squider,write,TRUE,wrote /Users/nick/Documents/research-versioned/covid19-forecast-hub-archive/model-metadata/TTU-squider.yml
UA-EpiCovDA,write,TRUE,wrote /Users/nick/Documents/research-versioned/covid19-forecast-hub-archive/model-metadata/UA-EpiCovDA.yml
UCF-AEM,write,TRUE,wrote /Users/nick/Documents/research-versioned/covid19-forecast-hub-archive/model-metadata/UCF-AEM.yml
UChicago-CovidIL_10_+,write,TRUE,wrote /Users/nick/Documents/research-versioned/covid19-forecast-hub-archive/model-metadata/UChicago-CovidIL_10_+.yml
UChicago-CovidIL_100,write,TRUE,wrote /Users/nick/Documents/research-versioned/covid19-forecast-hub-archive/model-metadata/UChicago-CovidIL_100.yml
UChicago-CovidIL_30_+,write,TRUE,wrote /Users/nick/Documents/research-versioned/covid19-forecast-hub-archive/model-metadata/UChicago-CovidIL_30_+.yml
UChicago-CovidIL_40,write,TRUE,wrote /Users/nick/Documents/research-versioned/covid19-forecast-hub-archive/model-metadata/UChicago-CovidIL_40.yml
UChicago-CovidIL_60,write,TRUE,wrote /Users/nick/Documents/research-versioned/covid19-forecast-hub-archive/model-metadata/UChicago-CovidIL_60.yml
UChicago-CovidIL_80,write,TRUE,wrote /Users/nick/Documents/research-versioned/covid19-forecast-hub-archive/model-metadata/UChicago-CovidIL_80.yml
UChicago-CovidIL,write,TRUE,wrote /Users/nick/Documents/research-versioned/covid19-forecast-hub-archive/model-metadata/UChicago-CovidIL.yml
UChicagoCHATTOPADHYAY-UnIT,write,TRUE,wrote /Users/nick/Documents/research-versioned/covid19-forecast-hub-archive/model-metadata/UChicagoCHATTOPADHYAY-UnIT.yml
UCLA-SuEIR,write,TRUE,wrote /Users/nick/Documents/research-versioned/covid19-forecast-hub-archive/model-metadata/UCLA-SuEIR.yml
UCM_MESALab-FoGSEIR,write,TRUE,wrote /Users/nick/Documents/research-versioned/covid19-forecast-hub-archive/model-metadata/UCM_MESALab-FoGSEIR.yml
UCSB-ACTS,write,TRUE,wrote /Users/nick/Documents/research-versioned/covid19-forecast-hub-archive/model-metadata/UCSB-ACTS.yml
UCSD_NEU-DeepGLEAM,write,TRUE,wrote /Users/nick/Documents/research-versioned/covid19-forecast-hub-archive/model-metadata/UCSD_NEU-DeepGLEAM.yml
UMass-ExpertCrowd,write,TRUE,wrote /Users/nick/Documents/research-versioned/covid19-forecast-hub-archive/model-metadata/UMass-ExpertCrowd.yml
UMass-gbq,write,TRUE,wrote /Users/nick/Documents/research-versioned/covid19-forecast-hub-archive/model-metadata/UMass-gbq.yml
UMass-MechBayes,write,TRUE,wrote /Users/nick/Documents/research-versioned/covid19-forecast-hub-archive/model-metadata/UMass-MechBayes.yml
UMass-sarix,write,TRUE,wrote /Users/nick/Documents/research-versioned/covid19-forecast-hub-archive/model-metadata/UMass-sarix.yml
UMass-trends_ensemble,write,TRUE,wrote /Users/nick/Documents/research-versioned/covid19-forecast-hub-archive/model-metadata/UMass-trends_ensemble.yml
UMich-RidgeTfReg,write,TRUE,wrote /Users/nick/Documents/research-versioned/covid19-forecast-hub-archive/model-metadata/UMich-RidgeTfReg.yml
UpstateSU-GRU,write,TRUE,wrote /Users/nick/Documents/research-versioned/covid19-forecast-hub-archive/model-metadata/UpstateSU-GRU.yml
USACE-ERDC_SEIR,write,TRUE,wrote /Users/nick/Documents/research-versioned/covid19-forecast-hub-archive/model-metadata/USACE-ERDC_SEIR.yml
USC-SI_kJalpha_RF,write,TRUE,wrote /Users/nick/Documents/research-versioned/covid19-forecast-hub-archive/model-metadata/USC-SI_kJalpha_RF.yml
USC-SI_kJalpha,write,TRUE,wrote /Users/nick/Documents/research-versioned/covid19-forecast-hub-archive/model-metadata/USC-SI_kJalpha.yml
USF-STPM,write,TRUE,wrote /Users/nick/Documents/research-versioned/covid19-forecast-hub-archive/model-metadata/USF-STPM.yml
UT_GISAG-SPDM,write,TRUE,wrote /Users/nick/Documents/research-versioned/covid19-forecast-hub-archive/model-metadata/UT_GISAG-SPDM.yml
UT-Mobility,write,TRUE,wrote /Users/nick/Documents/research-versioned/covid19-forecast-hub-archive/model-metadata/UT-Mobility.yml
UT-Osiris,write,TRUE,wrote /Users/nick/Documents/research-versioned/covid19-forecast-hub-archive/model-metadata/UT-Osiris.yml
UVA-Ensemble,write,TRUE,wrote /Users/nick/Documents/research-versioned/covid19-forecast-hub-archive/model-metadata/UVA-Ensemble.yml
Wadhwani_AI-BayesOpt,write,TRUE,wrote /Users/nick/Documents/research-versioned/covid19-forecast-hub-archive/model-metadata/Wadhwani_AI-BayesOpt.yml
WalmartLabsML-LogForecasting,write,TRUE,wrote /Users/nick/Documents/research-versioned/covid19-forecast-hub-archive/model-metadata/WalmartLabsML-LogForecasting.yml
Yu_Group-CLEP,write,TRUE,wrote /Users/nick/Documents/research-versioned/covid19-forecast-hub-archive/model-metadata/Yu_Group-CLEP.yml
YYG-ParamSearch,write,TRUE,wrote /Users/nick/Documents/research-versioned/covid19-forecast-hub-archive/model-metadata/YYG-ParamSearch.yml
