file,fail_type,n_groups,min_anchors_in_any_group,pct_groups_below_5,eligible_for_distfromq
AIpert-pwllnod/2021-01-11-AIpert-pwllnod.parquet,incomplete,896,2,1,FALSE
JHU_CSSE-DECOM/2022-01-23-JHU_CSSE-DECOM.parquet,incomplete,422,6,0,TRUE
UMich-RidgeTfReg/2020-07-27-UMich-RidgeTfReg.parquet,incomplete,340,6,0,TRUE
AIpert-pwllnod/2021-01-18-AIpert-pwllnod.parquet,incomplete,896,2,1,FALSE
JHU_CSSE-DECOM/2022-01-30-JHU_CSSE-DECOM.parquet,incomplete,445,6,0,TRUE
UMich-RidgeTfReg/2020-08-03-UMich-RidgeTfReg.parquet,incomplete,364,6,0,TRUE
AIpert-pwllnod/2021-01-25-AIpert-pwllnod.parquet,incomplete,896,4,1,FALSE
UMich-RidgeTfReg/2020-08-10-UMich-RidgeTfReg.parquet,incomplete,560,6,0,TRUE
AIpert-pwllnod/2021-02-01-AIpert-pwllnod.parquet,incomplete,896,4,1,FALSE
UMich-RidgeTfReg/2020-08-17-UMich-RidgeTfReg.parquet,incomplete,468,6,0,TRUE
AIpert-pwllnod/2021-02-08-AIpert-pwllnod.parquet,incomplete,896,4,1,FALSE
UMich-RidgeTfReg/2020-08-24-UMich-RidgeTfReg.parquet,incomplete,492,6,0,TRUE
AIpert-pwllnod/2021-02-15-AIpert-pwllnod.parquet,incomplete,896,4,1,FALSE
UMich-RidgeTfReg/2020-08-31-UMich-RidgeTfReg.parquet,incomplete,528,6,0,TRUE
AIpert-pwllnod/2021-02-22-AIpert-pwllnod.parquet,incomplete,880,4,1,FALSE
UMich-RidgeTfReg/2020-09-07-UMich-RidgeTfReg.parquet,incomplete,600,6,0,TRUE
AIpert-pwllnod/2021-03-01-AIpert-pwllnod.parquet,incomplete,896,4,1,FALSE
UMich-RidgeTfReg/2020-09-14-UMich-RidgeTfReg.parquet,incomplete,600,6,0,TRUE
AIpert-pwllnod/2021-03-08-AIpert-pwllnod.parquet,incomplete,896,4,1,FALSE
UMich-RidgeTfReg/2020-09-21-UMich-RidgeTfReg.parquet,incomplete,612,6,0,TRUE
AIpert-pwllnod/2021-03-15-AIpert-pwllnod.parquet,incomplete,896,4,1,FALSE
UMich-RidgeTfReg/2020-09-28-UMich-RidgeTfReg.parquet,incomplete,612,6,0,TRUE
AIpert-pwllnod/2021-03-22-AIpert-pwllnod.parquet,incomplete,896,4,1,FALSE
IowaStateLW-STEM/2020-04-26-IowaStateLW-STEM.parquet,incomplete,882,2,1,FALSE
UMich-RidgeTfReg/2020-10-05-UMich-RidgeTfReg.parquet,incomplete,612,6,0,TRUE
AIpert-pwllnod/2021-03-29-AIpert-pwllnod.parquet,incomplete,896,4,1,FALSE
IowaStateLW-STEM/2020-05-01-IowaStateLW-STEM.parquet,incomplete,900,2,1,FALSE
UMich-RidgeTfReg/2020-10-12-UMich-RidgeTfReg.parquet,incomplete,612,6,0,TRUE
AIpert-pwllnod/2021-04-05-AIpert-pwllnod.parquet,incomplete,896,4,1,FALSE
UMich-RidgeTfReg/2020-10-19-UMich-RidgeTfReg.parquet,incomplete,612,6,0,TRUE
AIpert-pwllnod/2021-04-12-AIpert-pwllnod.parquet,incomplete,896,4,1,FALSE
UMich-RidgeTfReg/2020-10-26-UMich-RidgeTfReg.parquet,incomplete,612,6,0,TRUE
AIpert-pwllnod/2021-04-19-AIpert-pwllnod.parquet,incomplete,896,2,1,FALSE
UMich-RidgeTfReg/2020-11-02-UMich-RidgeTfReg.parquet,incomplete,612,6,0,TRUE
AIpert-pwllnod/2021-04-26-AIpert-pwllnod.parquet,incomplete,896,4,1,FALSE
UMich-RidgeTfReg/2020-11-09-UMich-RidgeTfReg.parquet,incomplete,612,6,0,TRUE
AIpert-pwllnod/2021-05-03-AIpert-pwllnod.parquet,incomplete,896,4,1,FALSE
AIpert-pwllnod/2021-05-10-AIpert-pwllnod.parquet,incomplete,896,4,1,FALSE
AIpert-pwllnod/2021-05-17-AIpert-pwllnod.parquet,incomplete,896,4,1,FALSE
AIpert-pwllnod/2021-05-24-AIpert-pwllnod.parquet,incomplete,896,4,1,FALSE
AIpert-pwllnod/2021-05-31-AIpert-pwllnod.parquet,incomplete,896,4,1,FALSE
AIpert-pwllnod/2021-06-07-AIpert-pwllnod.parquet,incomplete,896,4,1,FALSE
AIpert-pwllnod/2021-06-14-AIpert-pwllnod.parquet,incomplete,896,4,1,FALSE
AIpert-pwllnod/2021-06-21-AIpert-pwllnod.parquet,incomplete,896,4,1,FALSE
USC-SI_kJalpha/2022-01-09-USC-SI_kJalpha.parquet,monotonic,6642,7,0,TRUE
AIpert-pwllnod/2021-06-28-AIpert-pwllnod.parquet,incomplete,896,4,1,FALSE
AIpert-pwllnod/2021-07-05-AIpert-pwllnod.parquet,incomplete,896,4,1,FALSE
AIpert-pwllnod/2021-07-12-AIpert-pwllnod.parquet,incomplete,896,4,1,FALSE
COVIDhub_CDC-ensemble/2020-04-13-COVIDhub_CDC-ensemble.parquet,incomplete,312,3,1,FALSE
QJHong-Encounter/2020-07-01-QJHong-Encounter.parquet,incomplete,4,2,1,FALSE
USC-SI_kJalpha/2022-03-27-USC-SI_kJalpha.parquet,monotonic,6642,7,0,TRUE
QJHong-Encounter/2020-07-03-QJHong-Encounter.parquet,incomplete,5,2,1,FALSE
QJHong-Encounter/2020-07-08-QJHong-Encounter.parquet,incomplete,5,2,1,FALSE
QJHong-Encounter/2020-07-10-QJHong-Encounter.parquet,incomplete,5,2,1,FALSE
Columbia_UNC-SurvCon/2021-02-14-Columbia_UNC-SurvCon.parquet,incomplete,888,7,0,TRUE
QJHong-Encounter/2020-07-11-QJHong-Encounter.parquet,incomplete,12,2,1,FALSE
COVIDhub-4_week_ensemble/2020-04-13-COVIDhub-4_week_ensemble.parquet,incomplete,312,3,1,FALSE
QJHong-Encounter/2020-07-18-QJHong-Encounter.parquet,incomplete,10,4,1,FALSE
QJHong-Encounter/2020-07-25-QJHong-Encounter.parquet,incomplete,12,4,1,FALSE
QJHong-Encounter/2020-07-27-QJHong-Encounter.parquet,incomplete,17,2,1,FALSE
QJHong-Encounter/2020-08-03-QJHong-Encounter.parquet,incomplete,17,2,1,FALSE
QJHong-Encounter/2020-08-10-QJHong-Encounter.parquet,incomplete,17,2,1,FALSE
QJHong-Encounter/2020-08-17-QJHong-Encounter.parquet,incomplete,17,2,1,FALSE
QJHong-Encounter/2020-08-23-QJHong-Encounter.parquet,incomplete,17,2,1,FALSE
QJHong-Encounter/2020-08-30-QJHong-Encounter.parquet,incomplete,17,2,1,FALSE
QJHong-Encounter/2020-09-06-QJHong-Encounter.parquet,incomplete,17,2,1,FALSE
QJHong-Encounter/2020-09-13-QJHong-Encounter.parquet,incomplete,19,2,1,FALSE
QJHong-Encounter/2020-09-20-QJHong-Encounter.parquet,incomplete,19,2,1,FALSE
QJHong-Encounter/2020-09-27-QJHong-Encounter.parquet,incomplete,19,2,1,FALSE
QJHong-Encounter/2020-10-04-QJHong-Encounter.parquet,incomplete,21,2,1,FALSE
QJHong-Encounter/2020-10-11-QJHong-Encounter.parquet,incomplete,21,2,1,FALSE
QJHong-Encounter/2020-10-18-QJHong-Encounter.parquet,incomplete,20,2,1,FALSE
QJHong-Encounter/2020-10-25-QJHong-Encounter.parquet,incomplete,23,2,1,FALSE
QJHong-Encounter/2020-11-01-QJHong-Encounter.parquet,incomplete,21,2,1,FALSE
QJHong-Encounter/2020-11-08-QJHong-Encounter.parquet,incomplete,23,2,1,FALSE
Google_Harvard-CPF/2020-12-27-Google_Harvard-CPF.parquet,incomplete,1581,3,1,FALSE
LNQ-ens1/2020-07-19-LNQ-ens1.parquet,incomplete,228,7,0,TRUE
QJHong-Encounter/2020-11-15-QJHong-Encounter.parquet,incomplete,25,2,1,FALSE
LNQ-ens1/2020-07-26-LNQ-ens1.parquet,incomplete,13024,7,0,TRUE
QJHong-Encounter/2020-11-22-QJHong-Encounter.parquet,incomplete,23,2,1,FALSE
LNQ-ens1/2020-08-02-LNQ-ens1.parquet,incomplete,13024,7,0,TRUE
QJHong-Encounter/2020-11-29-QJHong-Encounter.parquet,incomplete,21,2,1,FALSE
LNQ-ens1/2020-08-09-LNQ-ens1.parquet,incomplete,13252,7,0,TRUE
LNQ-ens1/2020-08-16-LNQ-ens1.parquet,incomplete,13252,7,0,TRUE
COVIDhub-ensemble/2020-04-13-COVIDhub-ensemble.parquet,incomplete,312,3,1,FALSE
LNQ-ens1/2020-08-23-LNQ-ens1.parquet,incomplete,13252,7,0,TRUE
LNQ-ens1/2020-08-30-LNQ-ens1.parquet,incomplete,13252,7,0,TRUE
LNQ-ens1/2020-09-06-LNQ-ens1.parquet,incomplete,13252,7,0,TRUE
LNQ-ens1/2020-09-13-LNQ-ens1.parquet,incomplete,13252,7,0,TRUE
LNQ-ens1/2020-09-20-LNQ-ens1.parquet,incomplete,13252,7,0,TRUE
LNQ-ens1/2020-09-27-LNQ-ens1.parquet,incomplete,13252,7,0,TRUE
LNQ-ens1/2020-10-04-LNQ-ens1.parquet,incomplete,13252,7,0,TRUE
LNQ-ens1/2020-10-11-LNQ-ens1.parquet,incomplete,13252,7,0,TRUE
LNQ-ens1/2020-10-18-LNQ-ens1.parquet,incomplete,13252,7,0,TRUE
LNQ-ens1/2020-10-25-LNQ-ens1.parquet,incomplete,13248,7,0,TRUE
Covid19Sim-Simulator/2020-08-16-Covid19Sim-Simulator.parquet,incomplete,3214,7,0,TRUE
LNQ-ens1/2020-11-01-LNQ-ens1.parquet,incomplete,13248,7,0,TRUE
LNQ-ens1/2020-11-08-LNQ-ens1.parquet,incomplete,13248,7,0,TRUE
LNQ-ens1/2020-11-15-LNQ-ens1.parquet,incomplete,13248,7,0,TRUE
LNQ-ens1/2020-11-22-LNQ-ens1.parquet,incomplete,13248,7,0,TRUE
LNQ-ens1/2020-11-29-LNQ-ens1.parquet,incomplete,13248,7,0,TRUE
LNQ-ens1/2020-12-06-LNQ-ens1.parquet,incomplete,13248,7,0,TRUE
LNQ-ens1/2020-12-13-LNQ-ens1.parquet,incomplete,13248,7,0,TRUE
LNQ-ens1/2020-12-20-LNQ-ens1.parquet,incomplete,13248,7,0,TRUE
LNQ-ens1/2020-12-27-LNQ-ens1.parquet,incomplete,13248,7,0,TRUE
LNQ-ens1/2021-01-03-LNQ-ens1.parquet,incomplete,13248,7,0,TRUE
LNQ-ens1/2021-01-10-LNQ-ens1.parquet,incomplete,13248,7,0,TRUE
LNQ-ens1/2021-01-17-LNQ-ens1.parquet,incomplete,13248,7,0,TRUE
LNQ-ens1/2021-01-24-LNQ-ens1.parquet,incomplete,13248,7,0,TRUE
IHME-CurveFit/2020-03-27-IHME-CurveFit.parquet,incomplete,936,2,1,FALSE
LNQ-ens1/2021-01-31-LNQ-ens1.parquet,incomplete,13248,7,0,TRUE
IHME-CurveFit/2020-03-29-IHME-CurveFit.parquet,incomplete,936,2,1,FALSE
IHME-CurveFit/2020-03-30-IHME-CurveFit.parquet,incomplete,936,2,1,FALSE
IHME-CurveFit/2020-03-31-IHME-CurveFit.parquet,incomplete,884,2,1,FALSE
IHME-CurveFit/2020-04-01-IHME-CurveFit.parquet,incomplete,884,2,1,FALSE
IHME-CurveFit/2020-04-05-IHME-CurveFit.parquet,incomplete,884,2,1,FALSE
IHME-CurveFit/2020-04-07-IHME-CurveFit.parquet,incomplete,832,2,1,FALSE
IHME-CurveFit/2020-04-09-IHME-CurveFit.parquet,incomplete,832,2,1,FALSE
IHME-CurveFit/2020-04-12-IHME-CurveFit.parquet,incomplete,832,2,1,FALSE
IHME-CurveFit/2020-04-16-IHME-CurveFit.parquet,incomplete,780,2,1,FALSE
IHME-CurveFit/2020-04-20-IHME-CurveFit.parquet,incomplete,780,2,1,FALSE
IHME-CurveFit/2020-04-21-IHME-CurveFit.parquet,incomplete,742,2,1,FALSE
Auquan-SEIR/2020-07-05-Auquan-SEIR.parquet,incomplete,416,7,0,TRUE
IHME-CurveFit/2020-04-27-IHME-CurveFit.parquet,incomplete,716,2,1,FALSE
Auquan-SEIR/2020-08-02-Auquan-SEIR.parquet,incomplete,208,7,0,TRUE
IHME-CurveFit/2020-04-28-IHME-CurveFit.parquet,incomplete,572,2,1,FALSE
Auquan-SEIR/2020-08-09-Auquan-SEIR.parquet,incomplete,208,7,0,TRUE
IHME-CurveFit/2020-05-04-IHME-CurveFit.parquet,incomplete,848,2,1,FALSE
Auquan-SEIR/2020-08-16-Auquan-SEIR.parquet,incomplete,416,7,0,TRUE
IHME-CurveFit/2020-05-08-IHME-CurveFit.parquet,incomplete,743,2,1,FALSE
Auquan-SEIR/2020-08-24-Auquan-SEIR.parquet,incomplete,416,7,0,TRUE
CovidActNow-SEIR_CAN/2020-07-05-CovidActNow-SEIR_CAN.parquet,incomplete,618,7,0,TRUE
LANL-GrowthRate/2020-04-06-LANL-GrowthRate.parquet,incomplete,371,21,0,TRUE
LANL-GrowthRate/2020-04-09-LANL-GrowthRate.parquet,incomplete,318,21,0,TRUE
UChicagoCHATTOPADHYAY-UnIT/2020-11-08-UChicagoCHATTOPADHYAY-UnIT.parquet,incomplete,6396,7,0,TRUE
UChicagoCHATTOPADHYAY-UnIT/2020-11-15-UChicagoCHATTOPADHYAY-UnIT.parquet,incomplete,6396,7,0,TRUE
UChicagoCHATTOPADHYAY-UnIT/2020-11-22-UChicagoCHATTOPADHYAY-UnIT.parquet,incomplete,6396,7,0,TRUE
UChicagoCHATTOPADHYAY-UnIT/2020-11-29-UChicagoCHATTOPADHYAY-UnIT.parquet,incomplete,6396,7,0,TRUE
UChicagoCHATTOPADHYAY-UnIT/2020-12-06-UChicagoCHATTOPADHYAY-UnIT.parquet,incomplete,6396,7,0,TRUE
UChicagoCHATTOPADHYAY-UnIT/2020-12-13-UChicagoCHATTOPADHYAY-UnIT.parquet,incomplete,6396,7,0,TRUE
UChicagoCHATTOPADHYAY-UnIT/2020-12-20-UChicagoCHATTOPADHYAY-UnIT.parquet,incomplete,6396,7,0,TRUE
UChicagoCHATTOPADHYAY-UnIT/2021-01-03-UChicagoCHATTOPADHYAY-UnIT.parquet,incomplete,6396,7,0,TRUE
UChicagoCHATTOPADHYAY-UnIT/2021-01-10-UChicagoCHATTOPADHYAY-UnIT.parquet,incomplete,6396,7,0,TRUE
UChicagoCHATTOPADHYAY-UnIT/2021-01-17-UChicagoCHATTOPADHYAY-UnIT.parquet,incomplete,6396,7,0,TRUE
UChicagoCHATTOPADHYAY-UnIT/2021-01-24-UChicagoCHATTOPADHYAY-UnIT.parquet,incomplete,6396,7,0,TRUE
UChicagoCHATTOPADHYAY-UnIT/2021-01-31-UChicagoCHATTOPADHYAY-UnIT.parquet,incomplete,6396,7,0,TRUE
UChicagoCHATTOPADHYAY-UnIT/2021-02-07-UChicagoCHATTOPADHYAY-UnIT.parquet,incomplete,6396,7,0,TRUE
UChicagoCHATTOPADHYAY-UnIT/2021-02-21-UChicagoCHATTOPADHYAY-UnIT.parquet,incomplete,6396,7,0,TRUE
UChicagoCHATTOPADHYAY-UnIT/2021-02-28-UChicagoCHATTOPADHYAY-UnIT.parquet,incomplete,6396,7,0,TRUE
UChicagoCHATTOPADHYAY-UnIT/2021-03-07-UChicagoCHATTOPADHYAY-UnIT.parquet,incomplete,6396,7,0,TRUE
UChicagoCHATTOPADHYAY-UnIT/2021-03-14-UChicagoCHATTOPADHYAY-UnIT.parquet,incomplete,6396,7,0,TRUE
UChicagoCHATTOPADHYAY-UnIT/2021-03-21-UChicagoCHATTOPADHYAY-UnIT.parquet,incomplete,6396,7,0,TRUE
UChicagoCHATTOPADHYAY-UnIT/2021-04-04-UChicagoCHATTOPADHYAY-UnIT.parquet,incomplete,6396,7,0,TRUE
UChicagoCHATTOPADHYAY-UnIT/2021-04-18-UChicagoCHATTOPADHYAY-UnIT.parquet,incomplete,6396,7,0,TRUE
UMass-MechBayes/2021-08-15-UMass-MechBayes.parquet,incomplete,456,22,0,TRUE
UChicagoCHATTOPADHYAY-UnIT/2021-04-25-UChicagoCHATTOPADHYAY-UnIT.parquet,incomplete,6396,7,0,TRUE
UMass-MechBayes/2021-08-22-UMass-MechBayes.parquet,incomplete,456,22,0,TRUE
UChicagoCHATTOPADHYAY-UnIT/2021-05-02-UChicagoCHATTOPADHYAY-UnIT.parquet,incomplete,6396,7,0,TRUE
UChicagoCHATTOPADHYAY-UnIT/2021-05-09-UChicagoCHATTOPADHYAY-UnIT.parquet,incomplete,6396,7,0,TRUE
UChicagoCHATTOPADHYAY-UnIT/2021-05-16-UChicagoCHATTOPADHYAY-UnIT.parquet,incomplete,6396,7,0,TRUE
UChicagoCHATTOPADHYAY-UnIT/2021-05-23-UChicagoCHATTOPADHYAY-UnIT.parquet,incomplete,6396,7,0,TRUE
UChicagoCHATTOPADHYAY-UnIT/2021-05-30-UChicagoCHATTOPADHYAY-UnIT.parquet,incomplete,6396,7,0,TRUE
UChicagoCHATTOPADHYAY-UnIT/2021-06-06-UChicagoCHATTOPADHYAY-UnIT.parquet,incomplete,6396,7,0,TRUE
UChicagoCHATTOPADHYAY-UnIT/2021-06-20-UChicagoCHATTOPADHYAY-UnIT.parquet,incomplete,6396,7,0,TRUE
UChicagoCHATTOPADHYAY-UnIT/2021-06-27-UChicagoCHATTOPADHYAY-UnIT.parquet,incomplete,6396,7,0,TRUE
UChicagoCHATTOPADHYAY-UnIT/2021-07-11-UChicagoCHATTOPADHYAY-UnIT.parquet,incomplete,6396,7,0,TRUE
UChicagoCHATTOPADHYAY-UnIT/2021-07-25-UChicagoCHATTOPADHYAY-UnIT.parquet,incomplete,6396,7,0,TRUE
UChicagoCHATTOPADHYAY-UnIT/2021-08-08-UChicagoCHATTOPADHYAY-UnIT.parquet,incomplete,6396,7,0,TRUE
UChicagoCHATTOPADHYAY-UnIT/2021-08-15-UChicagoCHATTOPADHYAY-UnIT.parquet,incomplete,6396,7,0,TRUE
UChicagoCHATTOPADHYAY-UnIT/2021-08-22-UChicagoCHATTOPADHYAY-UnIT.parquet,incomplete,6396,7,0,TRUE
UChicagoCHATTOPADHYAY-UnIT/2021-08-29-UChicagoCHATTOPADHYAY-UnIT.parquet,incomplete,6396,7,0,TRUE
UChicagoCHATTOPADHYAY-UnIT/2021-09-05-UChicagoCHATTOPADHYAY-UnIT.parquet,incomplete,6396,7,0,TRUE
UChicagoCHATTOPADHYAY-UnIT/2021-09-12-UChicagoCHATTOPADHYAY-UnIT.parquet,incomplete,6396,7,0,TRUE
UChicagoCHATTOPADHYAY-UnIT/2021-09-19-UChicagoCHATTOPADHYAY-UnIT.parquet,incomplete,6396,7,0,TRUE
UChicagoCHATTOPADHYAY-UnIT/2021-10-10-UChicagoCHATTOPADHYAY-UnIT.parquet,incomplete,6396,7,0,TRUE
MOBS-GLEAM_COVID/2020-04-13-MOBS-GLEAM_COVID.parquet,incomplete,180,3,1,FALSE
UChicagoCHATTOPADHYAY-UnIT/2021-10-17-UChicagoCHATTOPADHYAY-UnIT.parquet,incomplete,6396,7,0,TRUE
MOBS-GLEAM_COVID/2020-04-20-MOBS-GLEAM_COVID.parquet,incomplete,360,7,0,TRUE
UChicagoCHATTOPADHYAY-UnIT/2021-10-24-UChicagoCHATTOPADHYAY-UnIT.parquet,incomplete,6396,7,0,TRUE
JHU_UNC_GAS-StatMechPool/2020-10-25-JHU_UNC_GAS-StatMechPool.parquet,incomplete,6216,7,0,TRUE
UChicagoCHATTOPADHYAY-UnIT/2021-10-31-UChicagoCHATTOPADHYAY-UnIT.parquet,incomplete,6396,7,0,TRUE
JHU_UNC_GAS-StatMechPool/2020-11-01-JHU_UNC_GAS-StatMechPool.parquet,incomplete,6420,5,0,TRUE
UChicagoCHATTOPADHYAY-UnIT/2021-11-07-UChicagoCHATTOPADHYAY-UnIT.parquet,incomplete,6396,7,0,TRUE
JHU_UNC_GAS-StatMechPool/2020-11-08-JHU_UNC_GAS-StatMechPool.parquet,incomplete,6232,7,0,TRUE
UChicagoCHATTOPADHYAY-UnIT/2021-11-14-UChicagoCHATTOPADHYAY-UnIT.parquet,incomplete,6396,7,0,TRUE
UChicagoCHATTOPADHYAY-UnIT/2021-11-21-UChicagoCHATTOPADHYAY-UnIT.parquet,incomplete,6396,7,0,TRUE
UChicagoCHATTOPADHYAY-UnIT/2021-11-28-UChicagoCHATTOPADHYAY-UnIT.parquet,incomplete,6396,7,0,TRUE
UChicagoCHATTOPADHYAY-UnIT/2021-12-12-UChicagoCHATTOPADHYAY-UnIT.parquet,incomplete,6396,7,0,TRUE
UChicagoCHATTOPADHYAY-UnIT/2021-12-19-UChicagoCHATTOPADHYAY-UnIT.parquet,incomplete,6396,7,0,TRUE
UChicagoCHATTOPADHYAY-UnIT/2021-12-26-UChicagoCHATTOPADHYAY-UnIT.parquet,incomplete,6396,7,0,TRUE
